-- phpMyAdmin SQL Dump
-- version 5.2.1
-- https://www.phpmyadmin.net/
--
-- Host: 127.0.0.1
-- Generation Time: Dec 04, 2025 at 05:16 PM
-- Server version: 10.4.32-MariaDB
-- PHP Version: 8.2.12

SET SQL_MODE = "NO_AUTO_VALUE_ON_ZERO";
START TRANSACTION;
SET time_zone = "+00:00";


/*!40101 SET @OLD_CHARACTER_SET_CLIENT=@@CHARACTER_SET_CLIENT */;
/*!40101 SET @OLD_CHARACTER_SET_RESULTS=@@CHARACTER_SET_RESULTS */;
/*!40101 SET @OLD_COLLATION_CONNECTION=@@COLLATION_CONNECTION */;
/*!40101 SET NAMES utf8mb4 */;

--
-- Database: `greenhouse_db`
--

-- --------------------------------------------------------

--
-- Table structure for table `actuators`
--

CREATE TABLE `actuators` (
  `id` bigint(20) UNSIGNED NOT NULL,
  `controller_id` bigint(20) UNSIGNED NOT NULL,
  `type` enum('pump','fan','heater','light','valve') NOT NULL,
  `name` varchar(128) DEFAULT NULL,
  `is_active` tinyint(1) NOT NULL DEFAULT 1,
  `created_at` timestamp NOT NULL DEFAULT current_timestamp(),
  `serial_number` varchar(100) DEFAULT 'nespecificat',
  `technical_status` enum('functional','unfunctional') NOT NULL DEFAULT 'functional',
  `status` enum('on','off') DEFAULT 'off'
) ENGINE=InnoDB DEFAULT CHARSET=utf8mb4 COLLATE=utf8mb4_unicode_ci;

--
-- Dumping data for table `actuators`
--

INSERT INTO `actuators` (`id`, `controller_id`, `type`, `name`, `is_active`, `created_at`, `serial_number`, `technical_status`, `status`) VALUES
(4, 3, 'pump', 'Water Pump', 1, '2025-09-12 08:47:16', 'PMP001', 'functional', 'off'),
(5, 3, 'fan', 'Air Vent', 1, '2025-09-12 08:47:16', 'FAN001', 'functional', 'off'),
(6, 3, 'light', 'Light Switch', 1, '2025-09-12 08:47:16', 'LIGHT001', 'functional', 'off');

-- --------------------------------------------------------

--
-- Table structure for table `actuator_commands`
--

CREATE TABLE `actuator_commands` (
  `id` bigint(20) UNSIGNED NOT NULL,
  `actuator_id` bigint(20) UNSIGNED NOT NULL,
  `command` enum('on','off','set_level') NOT NULL,
  `level` int(10) UNSIGNED DEFAULT NULL,
  `issued_by_user_id` varchar(128) NOT NULL,
  `issued_at` datetime NOT NULL,
  `expires_at` datetime DEFAULT NULL
) ENGINE=InnoDB DEFAULT CHARSET=utf8mb4 COLLATE=utf8mb4_unicode_ci;

--
-- Dumping data for table `actuator_commands`
--

INSERT INTO `actuator_commands` (`id`, `actuator_id`, `command`, `level`, `issued_by_user_id`, `issued_at`, `expires_at`) VALUES
(410, 4, 'on', NULL, 'PTIIEpO4RMNgumt8Jnabe7Tsu2G3', '2025-09-19 09:52:06', '2025-09-19 09:57:06'),
(411, 4, 'off', NULL, 'PTIIEpO4RMNgumt8Jnabe7Tsu2G3', '2025-09-19 09:52:08', NULL),
(412, 4, 'on', NULL, 'PTIIEpO4RMNgumt8Jnabe7Tsu2G3', '2025-09-19 09:52:11', '2025-09-19 09:57:11'),
(413, 4, 'off', NULL, 'PTIIEpO4RMNgumt8Jnabe7Tsu2G3', '2025-09-19 09:52:14', NULL),
(414, 4, 'on', NULL, 'PTIIEpO4RMNgumt8Jnabe7Tsu2G3', '2025-09-19 09:58:21', '2025-09-19 10:03:21'),
(417, 4, 'off', NULL, 'system_cron', '2025-09-19 10:03:24', NULL),
(464, 4, 'on', NULL, 'PTIIEpO4RMNgumt8Jnabe7Tsu2G3', '2025-09-21 18:23:18', '2025-09-21 19:28:18'),
(465, 4, 'off', NULL, 'PTIIEpO4RMNgumt8Jnabe7Tsu2G3', '2025-09-21 18:23:20', NULL),
(466, 4, 'on', NULL, 'PTIIEpO4RMNgumt8Jnabe7Tsu2G3', '2025-09-21 18:23:22', '2025-09-21 19:28:22'),
(467, 4, 'off', NULL, 'system_cron', '2025-09-21 19:28:33', NULL),
(479, 4, 'on', NULL, 'PTIIEpO4RMNgumt8Jnabe7Tsu2G3', '2025-09-27 18:42:00', '2025-09-27 19:38:00'),
(480, 4, 'off', NULL, 'system_cron', '2025-09-27 19:38:37', NULL),
(490, 5, 'on', NULL, 'PTIIEpO4RMNgumt8Jnabe7Tsu2G3', '2025-10-03 16:04:46', '2025-10-03 16:09:46'),
(491, 6, 'on', NULL, 'PTIIEpO4RMNgumt8Jnabe7Tsu2G3', '2025-10-03 16:04:52', '2025-10-03 16:09:52'),
(492, 4, 'on', NULL, 'PTIIEpO4RMNgumt8Jnabe7Tsu2G3', '2025-10-03 16:04:55', '2025-10-03 16:09:55'),
(493, 4, 'off', NULL, 'system_cron', '2025-10-03 16:10:42', NULL),
(494, 5, 'off', NULL, 'system_cron', '2025-10-03 16:10:42', NULL),
(495, 6, 'off', NULL, 'system_cron', '2025-10-03 16:10:42', NULL),
(502, 4, 'on', NULL, 'PTIIEpO4RMNgumt8Jnabe7Tsu2G3', '2025-11-07 21:12:54', '2025-11-07 21:17:54'),
(503, 4, 'off', NULL, 'PTIIEpO4RMNgumt8Jnabe7Tsu2G3', '2025-11-07 21:13:00', NULL),
(504, 5, 'on', NULL, 'PTIIEpO4RMNgumt8Jnabe7Tsu2G3', '2025-11-07 21:13:03', '2025-11-08 00:14:03'),
(505, 5, 'off', NULL, 'PTIIEpO4RMNgumt8Jnabe7Tsu2G3', '2025-11-07 21:13:07', NULL),
(506, 6, 'on', NULL, 'PTIIEpO4RMNgumt8Jnabe7Tsu2G3', '2025-11-07 21:13:09', '2025-11-07 21:18:09'),
(507, 6, 'off', NULL, 'PTIIEpO4RMNgumt8Jnabe7Tsu2G3', '2025-11-07 21:13:13', NULL),
(513, 4, 'on', NULL, 'PTIIEpO4RMNgumt8Jnabe7Tsu2G3', '2025-11-30 23:14:51', '2025-11-30 23:19:51'),
(514, 4, 'off', NULL, 'PTIIEpO4RMNgumt8Jnabe7Tsu2G3', '2025-11-30 23:14:52', NULL),
(515, 4, 'on', NULL, 'PTIIEpO4RMNgumt8Jnabe7Tsu2G3', '2025-12-01 18:21:09', '2025-12-01 18:26:09'),
(516, 5, 'on', NULL, 'PTIIEpO4RMNgumt8Jnabe7Tsu2G3', '2025-12-01 18:21:14', '2025-12-01 18:26:14'),
(517, 5, 'off', NULL, 'PTIIEpO4RMNgumt8Jnabe7Tsu2G3', '2025-12-01 18:21:17', NULL),
(518, 5, 'on', NULL, 'PTIIEpO4RMNgumt8Jnabe7Tsu2G3', '2025-12-01 18:21:18', '2025-12-01 18:26:18'),
(519, 6, 'on', NULL, 'PTIIEpO4RMNgumt8Jnabe7Tsu2G3', '2025-12-01 18:21:20', '2025-12-01 18:26:20'),
(520, 6, 'off', NULL, 'PTIIEpO4RMNgumt8Jnabe7Tsu2G3', '2025-12-01 18:21:21', NULL),
(521, 5, 'off', NULL, 'PTIIEpO4RMNgumt8Jnabe7Tsu2G3', '2025-12-01 18:21:22', NULL),
(522, 4, 'off', NULL, 'PTIIEpO4RMNgumt8Jnabe7Tsu2G3', '2025-12-01 18:21:23', NULL),
(523, 4, 'on', NULL, 'PTIIEpO4RMNgumt8Jnabe7Tsu2G3', '2025-12-03 13:59:51', '2025-12-03 14:04:51'),
(524, 4, 'off', NULL, 'PTIIEpO4RMNgumt8Jnabe7Tsu2G3', '2025-12-03 13:59:52', NULL),
(525, 5, 'on', NULL, 'PTIIEpO4RMNgumt8Jnabe7Tsu2G3', '2025-12-03 13:59:54', '2025-12-03 14:04:54'),
(526, 5, 'off', NULL, 'PTIIEpO4RMNgumt8Jnabe7Tsu2G3', '2025-12-03 13:59:55', NULL),
(527, 6, 'on', NULL, 'PTIIEpO4RMNgumt8Jnabe7Tsu2G3', '2025-12-03 13:59:56', '2025-12-03 14:04:56'),
(528, 6, 'off', NULL, 'PTIIEpO4RMNgumt8Jnabe7Tsu2G3', '2025-12-03 13:59:57', NULL),
(529, 4, 'on', NULL, 'PTIIEpO4RMNgumt8Jnabe7Tsu2G3', '2025-12-04 13:27:24', '2025-12-04 13:32:24'),
(530, 4, 'off', NULL, 'PTIIEpO4RMNgumt8Jnabe7Tsu2G3', '2025-12-04 13:27:27', NULL),
(531, 4, 'on', NULL, 'PTIIEpO4RMNgumt8Jnabe7Tsu2G3', '2025-12-04 15:42:05', '2025-12-04 17:07:05'),
(532, 5, 'on', NULL, 'PTIIEpO4RMNgumt8Jnabe7Tsu2G3', '2025-12-04 15:43:22', '2025-12-04 16:46:22'),
(533, 4, 'off', NULL, 'PTIIEpO4RMNgumt8Jnabe7Tsu2G3', '2025-12-04 15:45:20', NULL),
(534, 5, 'off', NULL, 'PTIIEpO4RMNgumt8Jnabe7Tsu2G3', '2025-12-04 15:45:20', NULL),
(535, 4, 'on', NULL, 'PTIIEpO4RMNgumt8Jnabe7Tsu2G3', '2025-12-04 15:51:40', '2025-12-04 16:56:40'),
(536, 5, 'on', NULL, 'PTIIEpO4RMNgumt8Jnabe7Tsu2G3', '2025-12-04 15:53:07', '2025-12-04 18:12:07'),
(537, 4, 'off', NULL, 'PTIIEpO4RMNgumt8Jnabe7Tsu2G3', '2025-12-04 15:53:11', NULL),
(538, 5, 'off', NULL, 'PTIIEpO4RMNgumt8Jnabe7Tsu2G3', '2025-12-04 15:53:48', NULL),
(539, 5, 'on', NULL, 'PTIIEpO4RMNgumt8Jnabe7Tsu2G3', '2025-12-04 15:54:07', '2025-12-04 17:36:07'),
(540, 4, 'on', NULL, 'PTIIEpO4RMNgumt8Jnabe7Tsu2G3', '2025-12-04 15:54:49', '2025-12-04 17:43:49'),
(541, 5, 'off', NULL, 'PTIIEpO4RMNgumt8Jnabe7Tsu2G3', '2025-12-04 15:54:51', NULL),
(542, 5, 'on', NULL, 'PTIIEpO4RMNgumt8Jnabe7Tsu2G3', '2025-12-04 15:56:55', '2025-12-04 17:46:55'),
(543, 4, 'off', NULL, 'PTIIEpO4RMNgumt8Jnabe7Tsu2G3', '2025-12-04 15:56:57', NULL),
(544, 5, 'off', NULL, 'PTIIEpO4RMNgumt8Jnabe7Tsu2G3', '2025-12-04 17:10:27', NULL),
(545, 4, 'on', NULL, 'PTIIEpO4RMNgumt8Jnabe7Tsu2G3', '2025-12-04 17:10:30', '2025-12-04 17:15:30'),
(546, 4, 'off', NULL, 'system_cron', '2025-12-04 17:16:02', NULL);

-- --------------------------------------------------------

--
-- Table structure for table `actuator_schedules`
--

CREATE TABLE `actuator_schedules` (
  `id` bigint(20) UNSIGNED NOT NULL,
  `actuator_id` bigint(20) UNSIGNED NOT NULL,
  `greenhouse_id` bigint(20) UNSIGNED NOT NULL,
  `schedule_date` date NOT NULL,
  `start_time` time NOT NULL,
  `end_time` time NOT NULL,
  `issued_by_user_id` varchar(128) NOT NULL,
  `created_at` timestamp NULL DEFAULT current_timestamp()
) ENGINE=InnoDB DEFAULT CHARSET=utf8mb4 COLLATE=utf8mb4_unicode_ci;

-- --------------------------------------------------------

--
-- Table structure for table `contacts`
--

CREATE TABLE `contacts` (
  `id` bigint(20) UNSIGNED NOT NULL,
  `owner_user_id` varchar(128) NOT NULL,
  `title` varchar(255) NOT NULL,
  `description` text NOT NULL,
  `category` varchar(100) NOT NULL,
  `email` varchar(100) NOT NULL,
  `timestamp` datetime NOT NULL DEFAULT current_timestamp(),
  `status` varchar(50) DEFAULT 'new',
  `source` varchar(50) DEFAULT 'contact_page',
  `moduleCategory` varchar(100) DEFAULT NULL,
  `priority` varchar(50) DEFAULT 'medium'
) ENGINE=InnoDB DEFAULT CHARSET=utf8mb4 COLLATE=utf8mb4_unicode_ci;

--
-- Dumping data for table `contacts`
--

INSERT INTO `contacts` (`id`, `owner_user_id`, `title`, `description`, `category`, `email`, `timestamp`, `status`, `source`, `moduleCategory`, `priority`) VALUES
(1, '', 'Probleme cu luminile din seră', 'Lumina din sera 1 nu mai răspunde la comenzi.', 'light', 'user1@example.com', '2025-09-06 10:15:00', 'new', 'contact_page', 'light', 'medium'),
(2, '', 'Pompă blocată', 'Pompa principală nu mai pornește de 2 zile, verificată și manual.', 'pump', 'user2@example.com', '2025-09-06 11:20:00', 'in_progress', 'contact_page', 'pump', 'medium'),
(3, '', 'Ventilație defectuoasă', 'Ventilatorul din sera 2 face zgomot și nu pornește constant.', 'ventilation', 'user3@example.com', '2025-09-06 14:45:00', 'new', 'module_debug', 'ventilation', 'medium'),
(4, '', 'Cerere funcționalitate nouă', 'Ar fi util să avem notificări push pentru nivelul de umiditate scăzut.', 'feature', 'user4@example.com', '2025-09-05 09:30:00', 'resolved', 'contact_page', NULL, 'medium'),
(5, '', 'Bug aplicație', 'Graficul de temperatură nu se actualizează corect în timp real.', 'bug', 'user5@example.com', '2025-09-04 16:10:00', 'new', 'contact_page', NULL, 'medium'),
(6, '', 'Test din Postman', 'Verificăm endpoint-ul POST /contacts cu timestamp ISO', 'bug', 'testpostman@example.com', '2025-09-07 12:00:00', 'new', 'contact_page', NULL, 'high'),
(7, '', 'Test Aplicatie', 'Test', 'ventilation', 'mihai@yahoo.com', '2025-09-07 10:47:16', 'new', 'contact_page', NULL, 'medium'),
(8, '', 'Problemă cu Lumină', 'Test', 'light', 'test', '2025-09-07 12:36:05', 'new', 'module_debug', 'light', 'medium'),
(9, '', 'Problemă cu Lumină', 'Test', 'light', 'test', '2025-09-07 20:06:04', 'new', 'module_debug', 'light', 'medium'),
(10, '', 'Problemă cu Lumină', 'Test', 'light', 'test', '2025-09-08 18:23:10', 'new', 'module_debug', 'light', 'medium'),
(11, '', 'twst', 'tesy\n', 'temperature', 'test', '2025-09-09 15:50:47', 'new', 'contact_page', NULL, 'medium'),
(12, 'PTIIEpO4RMNgumt8Jnabe7Tsu2G3', 'Problema senzorului', 'Senzorul de umiditate nu mai răspunde.', 'hardware', 'test@test.test', '2025-09-12 09:24:25', 'resolved', 'contact_page', NULL, 'low'),
(13, 'PTIIEpO4RMNgumt8Jnabe7Tsu2G3', 'Problemă cu Buton lămpi', 'Detaliile problemei:\n-------------------\nSeră: Greenhouse Hardware\nLocație: Bld. Muncii\nComponentă: Actuator\nNume: Buton lămpi\nSerie: nespecificat\nSub-tip: light\n-------------------\n\nVă rog să descrieți mai jos ce ați încercat și ce ați observat:\nNu merge', 'light', 'gag@yahoo.com', '2025-10-14 17:09:52', 'new', 'module_debug', NULL, 'medium');

-- --------------------------------------------------------

--
-- Table structure for table `controllers`
--

CREATE TABLE `controllers` (
  `id` bigint(20) UNSIGNED NOT NULL,
  `device_uid` varchar(64) NOT NULL,
  `label` varchar(128) DEFAULT NULL,
  `location` varchar(128) DEFAULT NULL,
  `created_at` timestamp NOT NULL DEFAULT current_timestamp(),
  `greenhouse_id` bigint(20) UNSIGNED DEFAULT NULL
) ENGINE=InnoDB DEFAULT CHARSET=utf8mb4 COLLATE=utf8mb4_unicode_ci;

--
-- Dumping data for table `controllers`
--

INSERT INTO `controllers` (`id`, `device_uid`, `label`, `location`, `created_at`, `greenhouse_id`) VALUES
(3, 'MOCK_CTRL_001', 'Controller Mock', 'Greenhouse Mock-up', '2025-09-12 08:38:27', 5);

-- --------------------------------------------------------

--
-- Table structure for table `controller_greenhouse`
--

CREATE TABLE `controller_greenhouse` (
  `controller_id` bigint(20) UNSIGNED NOT NULL,
  `greenhouse_id` bigint(20) UNSIGNED NOT NULL,
  `linked_at` timestamp NOT NULL DEFAULT current_timestamp()
) ENGINE=InnoDB DEFAULT CHARSET=utf8mb4 COLLATE=utf8mb4_unicode_ci;

-- --------------------------------------------------------

--
-- Table structure for table `greenhouses`
--

CREATE TABLE `greenhouses` (
  `id` bigint(20) UNSIGNED NOT NULL,
  `name` varchar(128) NOT NULL,
  `owner_user_id` varchar(128) DEFAULT NULL,
  `created_at` timestamp NOT NULL DEFAULT current_timestamp(),
  `location` varchar(255) DEFAULT NULL
) ENGINE=InnoDB DEFAULT CHARSET=utf8mb4 COLLATE=utf8mb4_unicode_ci;

--
-- Dumping data for table `greenhouses`
--

INSERT INTO `greenhouses` (`id`, `name`, `owner_user_id`, `created_at`, `location`) VALUES
(5, 'Smart Greenhouse Alpha', 'PTIIEpO4RMNgumt8Jnabe7Tsu2G3', '2025-09-12 08:35:24', 'Cluj-Napoca, RO');

-- --------------------------------------------------------

--
-- Table structure for table `outside_weather`
--

CREATE TABLE `outside_weather` (
  `id` int(11) NOT NULL,
  `greenhouse_id` bigint(20) UNSIGNED DEFAULT NULL,
  `timestamp` datetime NOT NULL,
  `temperature` decimal(5,2) NOT NULL,
  `humidity` int(11) NOT NULL
) ENGINE=InnoDB DEFAULT CHARSET=utf8mb4 COLLATE=utf8mb4_unicode_ci;

--
-- Dumping data for table `outside_weather`
--

INSERT INTO `outside_weather` (`id`, `greenhouse_id`, `timestamp`, `temperature`, `humidity`) VALUES
(553, 5, '2025-08-15 00:00:00', 24.20, 88),
(554, 5, '2025-08-15 01:00:00', 23.50, 90),
(555, 5, '2025-08-15 02:00:00', 22.90, 92),
(556, 5, '2025-08-15 03:00:00', 22.40, 93),
(557, 5, '2025-08-15 04:00:00', 22.00, 94),
(558, 5, '2025-08-15 05:00:00', 22.20, 95),
(559, 5, '2025-08-15 06:00:00', 22.60, 92),
(560, 5, '2025-08-15 07:00:00', 23.60, 89),
(561, 5, '2025-08-15 08:00:00', 25.60, 85),
(562, 5, '2025-08-15 09:00:00', 27.90, 78),
(563, 5, '2025-08-15 10:00:00', 30.20, 70),
(564, 5, '2025-08-15 11:00:00', 31.80, 65),
(565, 5, '2025-08-15 12:00:00', 33.10, 60),
(566, 5, '2025-08-15 13:00:00', 33.80, 58),
(567, 5, '2025-08-15 14:00:00', 34.50, 56),
(568, 5, '2025-08-15 15:00:00', 34.80, 55),
(569, 5, '2025-08-15 16:00:00', 34.40, 57),
(570, 5, '2025-08-15 17:00:00', 33.20, 61),
(571, 5, '2025-08-15 18:00:00', 31.70, 66),
(572, 5, '2025-08-15 19:00:00', 30.00, 72),
(573, 5, '2025-08-15 20:00:00', 28.60, 78),
(574, 5, '2025-08-15 21:00:00', 27.50, 82),
(575, 5, '2025-08-15 22:00:00', 26.60, 85),
(576, 5, '2025-08-15 23:00:00', 25.70, 87),
(577, 5, '2025-08-16 00:00:00', 24.30, 88),
(578, 5, '2025-08-16 01:00:00', 23.60, 90),
(579, 5, '2025-08-16 02:00:00', 23.00, 92),
(580, 5, '2025-08-16 03:00:00', 22.50, 93),
(581, 5, '2025-08-16 04:00:00', 22.10, 94),
(582, 5, '2025-08-16 05:00:00', 22.30, 95),
(583, 5, '2025-08-16 06:00:00', 22.70, 92),
(584, 5, '2025-08-16 07:00:00', 23.70, 89),
(585, 5, '2025-08-16 08:00:00', 25.70, 85),
(586, 5, '2025-08-16 09:00:00', 28.00, 78),
(587, 5, '2025-08-16 10:00:00', 30.30, 70),
(588, 5, '2025-08-16 11:00:00', 31.90, 65),
(589, 5, '2025-08-16 12:00:00', 33.20, 60),
(590, 5, '2025-08-16 13:00:00', 33.90, 58),
(591, 5, '2025-08-16 14:00:00', 34.60, 56),
(592, 5, '2025-08-16 15:00:00', 34.90, 55),
(593, 5, '2025-08-16 16:00:00', 34.50, 57),
(594, 5, '2025-08-16 17:00:00', 33.30, 61),
(595, 5, '2025-08-16 18:00:00', 31.80, 66),
(596, 5, '2025-08-16 19:00:00', 30.10, 72),
(597, 5, '2025-08-16 20:00:00', 28.70, 78),
(598, 5, '2025-08-16 21:00:00', 27.60, 82),
(599, 5, '2025-08-16 22:00:00', 26.70, 85),
(600, 5, '2025-08-16 23:00:00', 25.80, 87),
(601, 5, '2025-08-17 00:00:00', 24.60, 88),
(602, 5, '2025-08-17 01:00:00', 23.90, 90),
(603, 5, '2025-08-17 02:00:00', 23.30, 92),
(604, 5, '2025-08-17 03:00:00', 22.80, 93),
(605, 5, '2025-08-17 04:00:00', 22.40, 94),
(606, 5, '2025-08-17 05:00:00', 22.60, 95),
(607, 5, '2025-08-17 06:00:00', 23.00, 92),
(608, 5, '2025-08-17 07:00:00', 24.00, 89),
(609, 5, '2025-08-17 08:00:00', 26.00, 85),
(610, 5, '2025-08-17 09:00:00', 28.30, 78),
(611, 5, '2025-08-17 10:00:00', 30.60, 70),
(612, 5, '2025-08-17 11:00:00', 32.20, 65),
(613, 5, '2025-08-17 12:00:00', 33.50, 60),
(614, 5, '2025-08-17 13:00:00', 34.20, 58),
(615, 5, '2025-08-17 14:00:00', 34.90, 56),
(616, 5, '2025-08-17 15:00:00', 35.20, 55),
(617, 5, '2025-08-17 16:00:00', 34.80, 57),
(618, 5, '2025-08-17 17:00:00', 33.60, 61),
(619, 5, '2025-08-17 18:00:00', 32.10, 66),
(620, 5, '2025-08-17 19:00:00', 30.40, 72),
(621, 5, '2025-08-17 20:00:00', 29.00, 78),
(622, 5, '2025-08-17 21:00:00', 27.90, 82),
(623, 5, '2025-08-17 22:00:00', 27.00, 85),
(624, 5, '2025-08-17 23:00:00', 26.10, 87),
(625, 5, '2025-08-18 00:00:00', 24.70, 88),
(626, 5, '2025-08-18 01:00:00', 24.00, 90),
(627, 5, '2025-08-18 02:00:00', 23.40, 92),
(628, 5, '2025-08-18 03:00:00', 22.90, 93),
(629, 5, '2025-08-18 04:00:00', 22.50, 94),
(630, 5, '2025-08-18 05:00:00', 22.70, 95),
(631, 5, '2025-08-18 06:00:00', 23.10, 92),
(632, 5, '2025-08-18 07:00:00', 24.10, 89),
(633, 5, '2025-08-18 08:00:00', 26.10, 85),
(634, 5, '2025-08-18 09:00:00', 28.40, 78),
(635, 5, '2025-08-18 10:00:00', 30.70, 70),
(636, 5, '2025-08-18 11:00:00', 32.30, 65),
(637, 5, '2025-08-18 12:00:00', 33.60, 60),
(638, 5, '2025-08-18 13:00:00', 34.30, 58),
(639, 5, '2025-08-18 14:00:00', 35.00, 56),
(640, 5, '2025-08-18 15:00:00', 35.30, 55),
(641, 5, '2025-08-18 16:00:00', 34.90, 57),
(642, 5, '2025-08-18 17:00:00', 33.70, 61),
(643, 5, '2025-08-18 18:00:00', 32.20, 66),
(644, 5, '2025-08-18 19:00:00', 30.50, 72),
(645, 5, '2025-08-18 20:00:00', 29.10, 78),
(646, 5, '2025-08-18 21:00:00', 28.00, 82),
(647, 5, '2025-08-18 22:00:00', 27.10, 85),
(648, 5, '2025-08-18 23:00:00', 26.20, 87),
(649, 5, '2025-08-19 00:00:00', 25.00, 88),
(650, 5, '2025-08-19 01:00:00', 24.30, 90),
(651, 5, '2025-08-19 02:00:00', 23.70, 92),
(652, 5, '2025-08-19 03:00:00', 23.20, 93),
(653, 5, '2025-08-19 04:00:00', 22.80, 94),
(654, 5, '2025-08-19 05:00:00', 23.00, 95),
(655, 5, '2025-08-19 06:00:00', 23.40, 92),
(656, 5, '2025-08-19 07:00:00', 24.40, 89),
(657, 5, '2025-08-19 08:00:00', 26.40, 85),
(658, 5, '2025-08-19 09:00:00', 28.70, 78),
(659, 5, '2025-08-19 10:00:00', 31.00, 70),
(660, 5, '2025-08-19 11:00:00', 32.60, 65),
(661, 5, '2025-08-19 12:00:00', 33.90, 60),
(662, 5, '2025-08-19 13:00:00', 34.60, 58),
(663, 5, '2025-08-19 14:00:00', 35.30, 56),
(664, 5, '2025-08-19 15:00:00', 35.60, 55),
(665, 5, '2025-08-19 16:00:00', 35.20, 57),
(666, 5, '2025-08-19 17:00:00', 34.00, 61),
(667, 5, '2025-08-19 18:00:00', 32.50, 66),
(668, 5, '2025-08-19 19:00:00', 30.80, 72),
(669, 5, '2025-08-19 20:00:00', 29.40, 78),
(670, 5, '2025-08-19 21:00:00', 28.30, 82),
(671, 5, '2025-08-19 22:00:00', 27.40, 85),
(672, 5, '2025-08-19 23:00:00', 26.50, 87),
(673, 5, '2025-08-20 00:00:00', 25.10, 88),
(674, 5, '2025-08-20 01:00:00', 24.40, 90),
(675, 5, '2025-08-20 02:00:00', 23.80, 92),
(676, 5, '2025-08-20 03:00:00', 23.30, 93),
(677, 5, '2025-08-20 04:00:00', 22.90, 94),
(678, 5, '2025-08-20 05:00:00', 23.10, 95),
(679, 5, '2025-08-20 06:00:00', 23.50, 92),
(680, 5, '2025-08-20 07:00:00', 24.50, 89),
(681, 5, '2025-08-20 08:00:00', 26.50, 85),
(682, 5, '2025-08-20 09:00:00', 28.80, 78),
(683, 5, '2025-08-20 10:00:00', 31.10, 70),
(684, 5, '2025-08-20 11:00:00', 32.70, 65),
(685, 5, '2025-08-20 12:00:00', 34.00, 60),
(686, 5, '2025-08-20 13:00:00', 34.70, 58),
(687, 5, '2025-08-20 14:00:00', 35.40, 56),
(688, 5, '2025-08-20 15:00:00', 35.70, 55),
(689, 5, '2025-08-20 16:00:00', 35.30, 57),
(690, 5, '2025-08-20 17:00:00', 34.10, 61),
(691, 5, '2025-08-20 18:00:00', 32.60, 66),
(692, 5, '2025-08-20 19:00:00', 30.90, 72),
(693, 5, '2025-08-20 20:00:00', 29.50, 78),
(694, 5, '2025-08-20 21:00:00', 28.40, 82),
(695, 5, '2025-08-20 22:00:00', 27.50, 85),
(696, 5, '2025-08-20 23:00:00', 26.60, 87),
(697, 5, '2025-08-21 00:00:00', 25.40, 88),
(698, 5, '2025-08-21 01:00:00', 24.70, 90),
(699, 5, '2025-08-21 02:00:00', 24.10, 92),
(700, 5, '2025-08-21 03:00:00', 23.60, 93),
(701, 5, '2025-08-21 04:00:00', 23.20, 94),
(702, 5, '2025-08-21 05:00:00', 23.40, 95),
(703, 5, '2025-08-21 06:00:00', 23.80, 92),
(704, 5, '2025-08-21 07:00:00', 24.80, 89),
(705, 5, '2025-08-21 08:00:00', 26.80, 85),
(706, 5, '2025-08-21 09:00:00', 29.10, 78),
(707, 5, '2025-08-21 10:00:00', 31.40, 70),
(708, 5, '2025-08-21 11:00:00', 33.00, 65),
(709, 5, '2025-08-21 12:00:00', 34.30, 60),
(710, 5, '2025-08-21 13:00:00', 35.00, 58),
(711, 5, '2025-08-21 14:00:00', 35.70, 56),
(712, 5, '2025-08-21 15:00:00', 36.00, 55),
(713, 5, '2025-08-21 16:00:00', 35.60, 57),
(714, 5, '2025-08-21 17:00:00', 34.40, 61),
(715, 5, '2025-08-21 18:00:00', 32.90, 66),
(716, 5, '2025-08-21 19:00:00', 31.20, 72),
(717, 5, '2025-08-21 20:00:00', 29.80, 78),
(718, 5, '2025-08-21 21:00:00', 28.70, 82),
(719, 5, '2025-08-21 22:00:00', 27.80, 85),
(720, 5, '2025-08-21 23:00:00', 26.90, 87),
(721, 5, '2025-08-22 00:00:00', 25.90, 87),
(722, 5, '2025-08-22 01:00:00', 25.20, 89),
(723, 5, '2025-08-22 02:00:00', 24.60, 91),
(724, 5, '2025-08-22 03:00:00', 23.90, 92),
(725, 5, '2025-08-22 04:00:00', 23.50, 94),
(726, 5, '2025-08-22 05:00:00', 23.70, 95),
(727, 5, '2025-08-22 06:00:00', 24.20, 92),
(728, 5, '2025-08-22 07:00:00', 25.30, 88),
(729, 5, '2025-08-22 08:00:00', 27.20, 83),
(730, 5, '2025-08-22 09:00:00', 29.40, 76),
(731, 5, '2025-08-22 10:00:00', 31.60, 68),
(732, 5, '2025-08-22 11:00:00', 33.20, 63),
(733, 5, '2025-08-22 12:00:00', 34.50, 58),
(734, 5, '2025-08-22 13:00:00', 35.40, 55),
(735, 5, '2025-08-22 14:00:00', 36.00, 53),
(736, 5, '2025-08-22 15:00:00', 36.30, 52),
(737, 5, '2025-08-22 16:00:00', 35.90, 54),
(738, 5, '2025-08-22 17:00:00', 34.70, 58),
(739, 5, '2025-08-22 18:00:00', 33.10, 64),
(740, 5, '2025-08-22 19:00:00', 31.40, 70),
(741, 5, '2025-08-22 20:00:00', 30.00, 76),
(742, 5, '2025-08-22 21:00:00', 28.90, 80),
(743, 5, '2025-08-22 22:00:00', 28.00, 83),
(744, 5, '2025-08-22 23:00:00', 27.10, 85),
(745, 5, '2025-08-23 00:00:00', 26.10, 88),
(746, 5, '2025-08-23 01:00:00', 25.40, 90),
(747, 5, '2025-08-23 02:00:00', 24.80, 92),
(748, 5, '2025-08-23 03:00:00', 24.10, 93),
(749, 5, '2025-08-23 04:00:00', 23.70, 95),
(750, 5, '2025-08-23 05:00:00', 23.90, 96),
(751, 5, '2025-08-23 06:00:00', 24.40, 93),
(752, 5, '2025-08-23 07:00:00', 25.50, 89),
(753, 5, '2025-08-23 08:00:00', 27.40, 84),
(754, 5, '2025-08-23 09:00:00', 29.60, 77),
(755, 5, '2025-08-23 10:00:00', 31.80, 69),
(756, 5, '2025-08-23 11:00:00', 33.40, 64),
(757, 5, '2025-08-23 12:00:00', 34.70, 59),
(758, 5, '2025-08-23 13:00:00', 35.60, 56),
(759, 5, '2025-08-23 14:00:00', 36.20, 54),
(760, 5, '2025-08-23 15:00:00', 36.50, 53),
(761, 5, '2025-08-23 16:00:00', 36.10, 55),
(762, 5, '2025-08-23 17:00:00', 34.90, 59),
(763, 5, '2025-08-23 18:00:00', 33.30, 65),
(764, 5, '2025-08-23 19:00:00', 31.60, 71),
(765, 5, '2025-08-23 20:00:00', 30.20, 77),
(766, 5, '2025-08-23 21:00:00', 29.10, 81),
(767, 5, '2025-08-23 22:00:00', 28.20, 84),
(768, 5, '2025-08-23 23:00:00', 27.30, 86),
(769, 5, '2025-08-24 00:00:00', 26.40, 88),
(770, 5, '2025-08-24 01:00:00', 25.70, 90),
(771, 5, '2025-08-24 02:00:00', 25.10, 92),
(772, 5, '2025-08-24 03:00:00', 24.40, 93),
(773, 5, '2025-08-24 04:00:00', 24.00, 95),
(774, 5, '2025-08-24 05:00:00', 24.20, 96),
(775, 5, '2025-08-24 06:00:00', 24.70, 93),
(776, 5, '2025-08-24 07:00:00', 25.80, 89),
(777, 5, '2025-08-24 08:00:00', 27.70, 84),
(778, 5, '2025-08-24 09:00:00', 29.90, 77),
(779, 5, '2025-08-24 10:00:00', 32.10, 69),
(780, 5, '2025-08-24 11:00:00', 33.70, 64),
(781, 5, '2025-08-24 12:00:00', 35.00, 59),
(782, 5, '2025-08-24 13:00:00', 35.90, 56),
(783, 5, '2025-08-24 14:00:00', 36.50, 54),
(784, 5, '2025-08-24 15:00:00', 36.80, 53),
(785, 5, '2025-08-24 16:00:00', 36.40, 55),
(786, 5, '2025-08-24 17:00:00', 35.20, 59),
(787, 5, '2025-08-24 18:00:00', 33.60, 65),
(788, 5, '2025-08-24 19:00:00', 31.90, 71),
(789, 5, '2025-08-24 20:00:00', 30.50, 77),
(790, 5, '2025-08-24 21:00:00', 29.40, 81),
(791, 5, '2025-08-24 22:00:00', 28.50, 84),
(792, 5, '2025-08-24 23:00:00', 27.60, 86),
(793, 5, '2025-08-25 00:00:00', 26.30, 88),
(794, 5, '2025-08-25 01:00:00', 25.60, 90),
(795, 5, '2025-08-25 02:00:00', 25.00, 92),
(796, 5, '2025-08-25 03:00:00', 24.30, 93),
(797, 5, '2025-08-25 04:00:00', 23.90, 95),
(798, 5, '2025-08-25 05:00:00', 24.10, 96),
(799, 5, '2025-08-25 06:00:00', 24.60, 93),
(800, 5, '2025-08-25 07:00:00', 25.70, 89),
(801, 5, '2025-08-25 08:00:00', 27.60, 84),
(802, 5, '2025-08-25 09:00:00', 29.80, 77),
(803, 5, '2025-08-25 10:00:00', 32.00, 69),
(804, 5, '2025-08-25 11:00:00', 33.60, 64),
(805, 5, '2025-08-25 12:00:00', 34.90, 59),
(806, 5, '2025-08-25 13:00:00', 35.80, 56),
(807, 5, '2025-08-25 14:00:00', 36.40, 54),
(808, 5, '2025-08-25 15:00:00', 36.70, 53),
(809, 5, '2025-08-25 16:00:00', 36.30, 55),
(810, 5, '2025-08-25 17:00:00', 35.10, 59),
(811, 5, '2025-08-25 18:00:00', 33.50, 65),
(812, 5, '2025-08-25 19:00:00', 31.80, 71),
(813, 5, '2025-08-25 20:00:00', 30.40, 77),
(814, 5, '2025-08-25 21:00:00', 29.30, 81),
(815, 5, '2025-08-25 22:00:00', 28.40, 84),
(816, 5, '2025-08-25 23:00:00', 27.50, 86),
(817, 5, '2025-08-26 00:00:00', 26.00, 88),
(818, 5, '2025-08-26 01:00:00', 25.30, 90),
(819, 5, '2025-08-26 02:00:00', 24.70, 92),
(820, 5, '2025-08-26 03:00:00', 24.00, 93),
(821, 5, '2025-08-26 04:00:00', 23.60, 95),
(822, 5, '2025-08-26 05:00:00', 23.80, 96),
(823, 5, '2025-08-26 06:00:00', 24.30, 93),
(824, 5, '2025-08-26 07:00:00', 25.40, 89),
(825, 5, '2025-08-26 08:00:00', 27.30, 84),
(826, 5, '2025-08-26 09:00:00', 29.50, 77),
(827, 5, '2025-08-26 10:00:00', 31.70, 69),
(828, 5, '2025-08-26 11:00:00', 33.30, 64),
(829, 5, '2025-08-26 12:00:00', 34.60, 59),
(830, 5, '2025-08-26 13:00:00', 35.50, 56),
(831, 5, '2025-08-26 14:00:00', 36.10, 54),
(832, 5, '2025-08-26 15:00:00', 36.40, 53),
(833, 5, '2025-08-26 16:00:00', 36.00, 55),
(834, 5, '2025-08-26 17:00:00', 34.80, 59),
(835, 5, '2025-08-26 18:00:00', 33.20, 65),
(836, 5, '2025-08-26 19:00:00', 31.50, 71),
(837, 5, '2025-08-26 20:00:00', 30.10, 77),
(838, 5, '2025-08-26 21:00:00', 29.00, 81),
(839, 5, '2025-08-26 22:00:00', 28.10, 84),
(840, 5, '2025-08-26 23:00:00', 27.20, 86),
(841, 5, '2025-08-27 00:00:00', 26.20, 88),
(842, 5, '2025-08-27 01:00:00', 25.50, 90),
(843, 5, '2025-08-27 02:00:00', 24.90, 92),
(844, 5, '2025-08-27 03:00:00', 24.20, 93),
(845, 5, '2025-08-27 04:00:00', 23.80, 95),
(846, 5, '2025-08-27 05:00:00', 24.00, 96),
(847, 5, '2025-08-27 06:00:00', 24.50, 93),
(848, 5, '2025-08-27 07:00:00', 25.60, 89),
(849, 5, '2025-08-27 08:00:00', 27.50, 84),
(850, 5, '2025-08-27 09:00:00', 29.70, 77),
(851, 5, '2025-08-27 10:00:00', 31.90, 69),
(852, 5, '2025-08-27 11:00:00', 33.50, 64),
(853, 5, '2025-08-27 12:00:00', 34.80, 59),
(854, 5, '2025-08-27 13:00:00', 35.70, 56),
(855, 5, '2025-08-27 14:00:00', 36.30, 54),
(856, 5, '2025-08-27 15:00:00', 36.60, 53),
(857, 5, '2025-08-27 16:00:00', 36.20, 55),
(858, 5, '2025-08-27 17:00:00', 35.00, 59),
(859, 5, '2025-08-27 18:00:00', 33.40, 65),
(860, 5, '2025-08-27 19:00:00', 31.70, 71),
(861, 5, '2025-08-27 20:00:00', 30.30, 77),
(862, 5, '2025-08-27 21:00:00', 29.20, 81),
(863, 5, '2025-08-27 22:00:00', 28.30, 84),
(864, 5, '2025-08-27 23:00:00', 27.40, 86),
(865, 5, '2025-08-28 00:00:00', 26.20, 88),
(866, 5, '2025-08-28 01:00:00', 25.50, 90),
(867, 5, '2025-08-28 02:00:00', 24.90, 92),
(868, 5, '2025-08-28 03:00:00', 24.20, 93),
(869, 5, '2025-08-28 04:00:00', 23.80, 95),
(870, 5, '2025-08-28 05:00:00', 24.00, 96),
(871, 5, '2025-08-28 06:00:00', 24.50, 93),
(872, 5, '2025-08-28 07:00:00', 25.60, 89),
(873, 5, '2025-08-28 08:00:00', 27.50, 84),
(874, 5, '2025-08-28 09:00:00', 29.70, 77),
(875, 5, '2025-08-28 10:00:00', 31.90, 69),
(876, 5, '2025-08-28 11:00:00', 33.50, 64),
(877, 5, '2025-08-28 12:00:00', 34.80, 59),
(878, 5, '2025-08-28 13:00:00', 35.70, 56),
(879, 5, '2025-08-28 14:00:00', 36.30, 54),
(880, 5, '2025-08-28 15:00:00', 36.60, 53),
(881, 5, '2025-08-28 16:00:00', 36.20, 55),
(882, 5, '2025-08-28 17:00:00', 35.00, 59),
(883, 5, '2025-08-28 18:00:00', 33.40, 65),
(884, 5, '2025-08-28 19:00:00', 31.70, 71),
(885, 5, '2025-08-28 20:00:00', 30.30, 77),
(886, 5, '2025-08-28 21:00:00', 29.20, 81),
(887, 5, '2025-08-28 22:00:00', 28.30, 84),
(888, 5, '2025-08-28 23:00:00', 27.40, 86),
(889, 5, '2025-08-29 00:00:00', 26.30, 88),
(890, 5, '2025-08-29 01:00:00', 25.60, 90),
(891, 5, '2025-08-29 02:00:00', 25.00, 92),
(892, 5, '2025-08-29 03:00:00', 24.30, 93),
(893, 5, '2025-08-29 04:00:00', 23.90, 95),
(894, 5, '2025-08-29 05:00:00', 24.10, 96),
(895, 5, '2025-08-29 06:00:00', 24.60, 93),
(896, 5, '2025-08-29 07:00:00', 25.70, 89),
(897, 5, '2025-08-29 08:00:00', 27.60, 84),
(898, 5, '2025-08-29 09:00:00', 29.80, 77),
(899, 5, '2025-08-29 10:00:00', 32.00, 69),
(900, 5, '2025-08-29 11:00:00', 33.60, 64),
(901, 5, '2025-08-29 12:00:00', 34.90, 59),
(902, 5, '2025-08-29 13:00:00', 35.80, 56),
(903, 5, '2025-08-29 14:00:00', 36.40, 54),
(904, 5, '2025-08-29 15:00:00', 36.70, 53),
(905, 5, '2025-08-29 16:00:00', 36.30, 55),
(906, 5, '2025-08-29 17:00:00', 35.10, 59),
(907, 5, '2025-08-29 18:00:00', 33.50, 65),
(908, 5, '2025-08-29 19:00:00', 31.80, 71),
(909, 5, '2025-08-29 20:00:00', 30.40, 77),
(910, 5, '2025-08-29 21:00:00', 29.30, 81),
(911, 5, '2025-08-29 22:00:00', 28.40, 84),
(912, 5, '2025-08-29 23:00:00', 27.50, 86),
(913, 5, '2025-08-30 00:00:00', 26.20, 88),
(914, 5, '2025-08-30 01:00:00', 25.50, 90),
(915, 5, '2025-08-30 02:00:00', 24.90, 92),
(916, 5, '2025-08-30 03:00:00', 24.20, 93),
(917, 5, '2025-08-30 04:00:00', 23.80, 95),
(918, 5, '2025-08-30 05:00:00', 24.00, 96),
(919, 5, '2025-08-30 06:00:00', 24.50, 93),
(920, 5, '2025-08-30 07:00:00', 25.60, 89),
(921, 5, '2025-08-30 08:00:00', 27.50, 84),
(922, 5, '2025-08-30 09:00:00', 29.70, 77),
(923, 5, '2025-08-30 10:00:00', 31.90, 69),
(924, 5, '2025-08-30 11:00:00', 33.50, 64),
(925, 5, '2025-08-30 12:00:00', 34.80, 59),
(926, 5, '2025-08-30 13:00:00', 35.70, 56),
(927, 5, '2025-08-30 14:00:00', 36.30, 54),
(928, 5, '2025-08-30 15:00:00', 36.60, 53),
(929, 5, '2025-08-30 16:00:00', 36.20, 55),
(930, 5, '2025-08-30 17:00:00', 35.00, 59),
(931, 5, '2025-08-30 18:00:00', 33.40, 65),
(932, 5, '2025-08-30 19:00:00', 31.70, 71),
(933, 5, '2025-08-30 20:00:00', 30.30, 77),
(934, 5, '2025-08-30 21:00:00', 29.20, 81),
(935, 5, '2025-08-30 22:00:00', 28.30, 84),
(936, 5, '2025-08-30 23:00:00', 27.40, 86),
(937, 5, '2025-08-31 00:00:00', 26.30, 88),
(938, 5, '2025-08-31 01:00:00', 25.60, 90),
(939, 5, '2025-08-31 02:00:00', 25.00, 92),
(940, 5, '2025-08-31 03:00:00', 24.30, 93),
(941, 5, '2025-08-31 04:00:00', 23.90, 95),
(942, 5, '2025-08-31 05:00:00', 24.10, 96),
(943, 5, '2025-08-31 06:00:00', 24.60, 93),
(944, 5, '2025-08-31 07:00:00', 25.70, 89),
(945, 5, '2025-08-31 08:00:00', 27.60, 84),
(946, 5, '2025-08-31 09:00:00', 29.80, 77),
(947, 5, '2025-08-31 10:00:00', 32.00, 69),
(948, 5, '2025-08-31 11:00:00', 33.60, 64),
(949, 5, '2025-08-31 12:00:00', 34.90, 59),
(950, 5, '2025-08-31 13:00:00', 35.80, 56),
(951, 5, '2025-08-31 14:00:00', 36.40, 54),
(952, 5, '2025-08-31 15:00:00', 36.70, 53),
(953, 5, '2025-08-31 16:00:00', 36.30, 55),
(954, 5, '2025-08-31 17:00:00', 35.10, 59),
(955, 5, '2025-08-31 18:00:00', 33.50, 65),
(956, 5, '2025-08-31 19:00:00', 31.80, 71),
(957, 5, '2025-08-31 20:00:00', 30.40, 77),
(958, 5, '2025-08-31 21:00:00', 29.30, 81),
(959, 5, '2025-08-31 22:00:00', 28.40, 84),
(960, 5, '2025-08-31 23:00:00', 27.50, 86),
(961, 5, '2025-09-01 00:00:00', 26.20, 88),
(962, 5, '2025-09-01 01:00:00', 25.50, 90),
(963, 5, '2025-09-01 02:00:00', 24.90, 92),
(964, 5, '2025-09-01 03:00:00', 24.20, 93),
(965, 5, '2025-09-01 04:00:00', 23.80, 95),
(966, 5, '2025-09-01 05:00:00', 24.00, 96),
(967, 5, '2025-09-01 06:00:00', 24.50, 93),
(968, 5, '2025-09-01 07:00:00', 25.60, 89),
(969, 5, '2025-09-01 08:00:00', 27.50, 84),
(970, 5, '2025-09-01 09:00:00', 29.70, 77),
(971, 5, '2025-09-01 10:00:00', 31.90, 69),
(972, 5, '2025-09-01 11:00:00', 33.50, 64),
(973, 5, '2025-09-01 12:00:00', 34.80, 59),
(974, 5, '2025-09-01 13:00:00', 35.70, 56),
(975, 5, '2025-09-01 14:00:00', 36.30, 54),
(976, 5, '2025-09-01 15:00:00', 36.60, 53),
(977, 5, '2025-09-01 16:00:00', 36.20, 55),
(978, 5, '2025-09-01 17:00:00', 35.00, 59),
(979, 5, '2025-09-01 18:00:00', 33.40, 65),
(980, 5, '2025-09-01 19:00:00', 31.70, 71),
(981, 5, '2025-09-01 20:00:00', 30.30, 77),
(982, 5, '2025-09-01 21:00:00', 29.20, 81),
(983, 5, '2025-09-01 22:00:00', 28.30, 84),
(984, 5, '2025-09-01 23:00:00', 27.40, 86),
(985, 5, '2025-09-02 00:00:00', 26.20, 88),
(986, 5, '2025-09-02 01:00:00', 25.50, 90),
(987, 5, '2025-09-02 02:00:00', 24.90, 92),
(988, 5, '2025-09-02 03:00:00', 24.20, 93),
(989, 5, '2025-09-02 04:00:00', 23.80, 95),
(990, 5, '2025-09-02 05:00:00', 24.00, 96),
(991, 5, '2025-09-02 06:00:00', 24.50, 93),
(992, 5, '2025-09-02 07:00:00', 25.60, 89),
(993, 5, '2025-09-02 08:00:00', 27.50, 84),
(994, 5, '2025-09-02 09:00:00', 29.70, 77),
(995, 5, '2025-09-02 10:00:00', 31.90, 69),
(996, 5, '2025-09-02 11:00:00', 33.50, 64),
(997, 5, '2025-09-02 12:00:00', 34.80, 59),
(998, 5, '2025-09-02 13:00:00', 35.70, 56),
(999, 5, '2025-09-02 14:00:00', 36.30, 54),
(1000, 5, '2025-09-02 15:00:00', 36.60, 53),
(1001, 5, '2025-09-02 16:00:00', 36.20, 55),
(1002, 5, '2025-09-02 17:00:00', 35.00, 59),
(1003, 5, '2025-09-02 18:00:00', 33.40, 65),
(1004, 5, '2025-09-02 19:00:00', 31.70, 71),
(1005, 5, '2025-09-02 20:00:00', 30.30, 77),
(1006, 5, '2025-09-02 21:00:00', 29.20, 81),
(1007, 5, '2025-09-02 22:00:00', 28.30, 84),
(1008, 5, '2025-09-02 23:00:00', 27.40, 86),
(1009, 5, '2025-09-03 00:00:00', 26.20, 88),
(1010, 5, '2025-09-03 01:00:00', 25.50, 90),
(1011, 5, '2025-09-03 02:00:00', 24.90, 92),
(1012, 5, '2025-09-03 03:00:00', 24.20, 93),
(1013, 5, '2025-09-03 04:00:00', 23.80, 95),
(1014, 5, '2025-09-03 05:00:00', 24.00, 96),
(1015, 5, '2025-09-03 06:00:00', 24.50, 93),
(1016, 5, '2025-09-03 07:00:00', 25.60, 89),
(1017, 5, '2025-09-03 08:00:00', 27.50, 84),
(1018, 5, '2025-09-03 09:00:00', 29.70, 77),
(1019, 5, '2025-09-03 10:00:00', 31.90, 69),
(1020, 5, '2025-09-03 11:00:00', 33.50, 64),
(1021, 5, '2025-09-03 12:00:00', 34.80, 59),
(1022, 5, '2025-09-03 13:00:00', 35.70, 56),
(1023, 5, '2025-09-03 14:00:00', 36.30, 54),
(1024, 5, '2025-09-03 15:00:00', 36.60, 53),
(1025, 5, '2025-09-03 16:00:00', 36.20, 55),
(1026, 5, '2025-09-03 17:00:00', 35.00, 59),
(1027, 5, '2025-09-03 18:00:00', 33.40, 65),
(1028, 5, '2025-09-03 19:00:00', 31.70, 71),
(1029, 5, '2025-09-03 20:00:00', 30.30, 77),
(1030, 5, '2025-09-03 21:00:00', 29.20, 81),
(1031, 5, '2025-09-03 22:00:00', 28.30, 84),
(1032, 5, '2025-09-03 23:00:00', 27.40, 86),
(1033, 5, '2025-09-04 00:00:00', 26.20, 88),
(1034, 5, '2025-09-04 01:00:00', 25.50, 90),
(1035, 5, '2025-09-04 02:00:00', 24.90, 92),
(1036, 5, '2025-09-04 03:00:00', 24.20, 93),
(1037, 5, '2025-09-04 04:00:00', 23.80, 95),
(1038, 5, '2025-09-04 05:00:00', 24.00, 96),
(1039, 5, '2025-09-04 06:00:00', 24.50, 93),
(1040, 5, '2025-09-04 07:00:00', 25.60, 89),
(1041, 5, '2025-09-04 08:00:00', 27.50, 84),
(1042, 5, '2025-09-04 09:00:00', 29.70, 77),
(1043, 5, '2025-09-04 10:00:00', 31.90, 69),
(1044, 5, '2025-09-04 11:00:00', 33.50, 64),
(1045, 5, '2025-09-04 12:00:00', 34.80, 59),
(1046, 5, '2025-09-04 13:00:00', 35.70, 56),
(1047, 5, '2025-09-04 14:00:00', 36.30, 54),
(1048, 5, '2025-09-04 15:00:00', 36.60, 53),
(1049, 5, '2025-09-04 16:00:00', 36.20, 55),
(1050, 5, '2025-09-04 17:00:00', 35.00, 59),
(1051, 5, '2025-09-04 18:00:00', 33.40, 65),
(1052, 5, '2025-09-04 19:00:00', 31.70, 71),
(1053, 5, '2025-09-04 20:00:00', 30.30, 77),
(1054, 5, '2025-09-04 21:00:00', 29.20, 81),
(1055, 5, '2025-09-04 22:00:00', 28.30, 84),
(1056, 5, '2025-09-04 23:00:00', 27.40, 86),
(1057, 5, '2025-09-05 00:00:00', 26.20, 88),
(1058, 5, '2025-09-05 01:00:00', 25.50, 90),
(1059, 5, '2025-09-05 02:00:00', 24.90, 92),
(1060, 5, '2025-09-05 03:00:00', 24.20, 93),
(1061, 5, '2025-09-05 04:00:00', 23.80, 95),
(1062, 5, '2025-09-05 05:00:00', 24.00, 96),
(1063, 5, '2025-09-05 06:00:00', 24.50, 93),
(1064, 5, '2025-09-05 07:00:00', 25.60, 89),
(1065, 5, '2025-09-05 08:00:00', 27.50, 84),
(1066, 5, '2025-09-05 09:00:00', 29.70, 77),
(1067, 5, '2025-09-05 10:00:00', 31.90, 69),
(1068, 5, '2025-09-05 11:00:00', 33.50, 64),
(1069, 5, '2025-09-05 12:00:00', 34.80, 59),
(1070, 5, '2025-09-05 13:00:00', 35.70, 56),
(1071, 5, '2025-09-05 14:00:00', 36.30, 54),
(1072, 5, '2025-09-05 15:00:00', 36.60, 53),
(1073, 5, '2025-09-05 16:00:00', 36.20, 55),
(1074, 5, '2025-09-05 17:00:00', 35.00, 59),
(1075, 5, '2025-09-05 18:00:00', 33.40, 65),
(1076, 5, '2025-09-05 19:00:00', 31.70, 71),
(1077, 5, '2025-09-05 20:00:00', 30.30, 77),
(1078, 5, '2025-09-05 21:00:00', 29.20, 81),
(1079, 5, '2025-09-05 22:00:00', 28.30, 84),
(1080, 5, '2025-09-05 23:00:00', 27.40, 86),
(1081, 5, '2025-09-06 00:00:00', 15.70, 91),
(1082, 5, '2025-09-06 01:00:00', 15.20, 90),
(1083, 5, '2025-09-06 02:00:00', 15.70, 94),
(1084, 5, '2025-09-06 03:00:00', 14.60, 95),
(1085, 5, '2025-09-06 04:00:00', 15.50, 93),
(1086, 5, '2025-09-06 05:00:00', 15.60, 94),
(1087, 5, '2025-09-06 06:00:00', 15.80, 86),
(1088, 5, '2025-09-06 07:00:00', 17.40, 85),
(1089, 5, '2025-09-06 08:00:00', 18.20, 80),
(1090, 5, '2025-09-06 09:00:00', 19.70, 77),
(1091, 5, '2025-09-06 10:00:00', 21.70, 69),
(1092, 5, '2025-09-06 11:00:00', 22.10, 65),
(1093, 5, '2025-09-06 12:00:00', 22.40, 59),
(1094, 5, '2025-09-06 13:00:00', 24.80, 58),
(1095, 5, '2025-09-06 14:00:00', 25.00, 55),
(1096, 5, '2025-09-06 15:00:00', 25.40, 54),
(1097, 5, '2025-09-06 16:00:00', 25.60, 54),
(1098, 5, '2025-09-06 17:00:00', 24.10, 60),
(1099, 5, '2025-09-06 18:00:00', 23.60, 63),
(1100, 5, '2025-09-06 19:00:00', 22.90, 68),
(1101, 5, '2025-09-06 20:00:00', 21.30, 70),
(1102, 5, '2025-09-06 21:00:00', 20.50, 76),
(1103, 5, '2025-09-06 22:00:00', 19.50, 82),
(1104, 5, '2025-09-06 23:00:00', 18.30, 82),
(1105, 5, '2025-09-07 00:00:00', 16.50, 91),
(1106, 5, '2025-09-07 01:00:00', 15.50, 91),
(1107, 5, '2025-09-07 02:00:00', 14.30, 93),
(1108, 5, '2025-09-07 03:00:00', 15.60, 98),
(1109, 5, '2025-09-07 04:00:00', 15.10, 93),
(1110, 5, '2025-09-07 05:00:00', 15.80, 92),
(1111, 5, '2025-09-07 06:00:00', 16.50, 89),
(1112, 5, '2025-09-07 07:00:00', 17.60, 83),
(1113, 5, '2025-09-07 08:00:00', 18.40, 81),
(1114, 5, '2025-09-07 09:00:00', 19.70, 75),
(1115, 5, '2025-09-07 10:00:00', 21.30, 69),
(1116, 5, '2025-09-07 11:00:00', 23.00, 65),
(1117, 5, '2025-09-07 12:00:00', 24.20, 60),
(1118, 5, '2025-09-07 13:00:00', 24.30, 61),
(1119, 5, '2025-09-07 14:00:00', 25.30, 59),
(1120, 5, '2025-09-07 15:00:00', 23.90, 52),
(1121, 5, '2025-09-07 16:00:00', 24.70, 53),
(1122, 5, '2025-09-07 17:00:00', 24.60, 59),
(1123, 5, '2025-09-07 18:00:00', 23.60, 59),
(1124, 5, '2025-09-07 19:00:00', 22.70, 62),
(1125, 5, '2025-09-07 20:00:00', 20.40, 66),
(1126, 5, '2025-09-07 21:00:00', 20.10, 78),
(1127, 5, '2025-09-07 22:00:00', 17.90, 80),
(1128, 5, '2025-09-07 23:00:00', 17.40, 86),
(1129, 5, '2025-09-08 00:00:00', 16.20, 90),
(1130, 5, '2025-09-08 01:00:00', 15.60, 94),
(1131, 5, '2025-09-08 02:00:00', 14.10, 94),
(1132, 5, '2025-09-08 03:00:00', 14.70, 97),
(1133, 5, '2025-09-08 04:00:00', 15.10, 94),
(1134, 5, '2025-09-08 05:00:00', 17.00, 96),
(1135, 5, '2025-09-08 06:00:00', 15.50, 89),
(1136, 5, '2025-09-08 07:00:00', 17.50, 86),
(1137, 5, '2025-09-08 08:00:00', 19.30, 81),
(1138, 5, '2025-09-08 09:00:00', 19.80, 74),
(1139, 5, '2025-09-08 10:00:00', 21.30, 71),
(1140, 5, '2025-09-08 11:00:00', 22.10, 62),
(1141, 5, '2025-09-08 12:00:00', 24.20, 63),
(1142, 5, '2025-09-08 13:00:00', 25.30, 58),
(1143, 5, '2025-09-08 14:00:00', 24.90, 58),
(1144, 5, '2025-09-08 15:00:00', 25.40, 53),
(1145, 5, '2025-09-08 16:00:00', 25.30, 57),
(1146, 5, '2025-09-08 17:00:00', 24.40, 56),
(1147, 5, '2025-09-08 18:00:00', 23.10, 60),
(1148, 5, '2025-09-08 19:00:00', 21.60, 65),
(1149, 5, '2025-09-08 20:00:00', 21.60, 70),
(1150, 5, '2025-09-08 21:00:00', 20.00, 72),
(1151, 5, '2025-09-08 22:00:00', 19.00, 75),
(1152, 5, '2025-09-08 23:00:00', 17.20, 85),
(1153, 5, '2025-09-09 00:00:00', 16.70, 92),
(1154, 5, '2025-09-09 01:00:00', 16.50, 92),
(1155, 5, '2025-09-09 02:00:00', 15.70, 92),
(1156, 5, '2025-09-09 03:00:00', 15.10, 95),
(1157, 5, '2025-09-09 04:00:00', 14.40, 93),
(1158, 5, '2025-09-09 05:00:00', 15.70, 91),
(1159, 5, '2025-09-09 06:00:00', 16.80, 89),
(1160, 5, '2025-09-09 07:00:00', 17.60, 81),
(1161, 5, '2025-09-09 08:00:00', 18.90, 82),
(1162, 5, '2025-09-09 09:00:00', 20.20, 77),
(1163, 5, '2025-09-09 10:00:00', 21.80, 68),
(1164, 5, '2025-09-09 11:00:00', 23.40, 63),
(1165, 5, '2025-09-09 12:00:00', 22.90, 61),
(1166, 5, '2025-09-09 13:00:00', 24.70, 56),
(1167, 5, '2025-09-09 14:00:00', 25.00, 59),
(1168, 5, '2025-09-09 15:00:00', 24.80, 55),
(1169, 5, '2025-09-09 16:00:00', 24.80, 57),
(1170, 5, '2025-09-09 17:00:00', 24.00, 60),
(1171, 5, '2025-09-09 18:00:00', 24.20, 61),
(1172, 5, '2025-09-09 19:00:00', 23.30, 62),
(1173, 5, '2025-09-09 20:00:00', 20.40, 70),
(1174, 5, '2025-09-09 21:00:00', 20.70, 76),
(1175, 5, '2025-09-09 22:00:00', 18.90, 81),
(1176, 5, '2025-09-09 23:00:00', 17.40, 87),
(1177, 5, '2025-09-10 00:00:00', 16.70, 89),
(1178, 5, '2025-09-10 01:00:00', 16.10, 92),
(1179, 5, '2025-09-10 02:00:00', 14.90, 96),
(1180, 5, '2025-09-10 03:00:00', 15.20, 97),
(1181, 5, '2025-09-10 04:00:00', 14.80, 96),
(1182, 5, '2025-09-10 05:00:00', 15.80, 91),
(1183, 5, '2025-09-10 06:00:00', 16.40, 87),
(1184, 5, '2025-09-10 07:00:00', 18.30, 85),
(1185, 5, '2025-09-10 08:00:00', 18.90, 76),
(1186, 5, '2025-09-10 09:00:00', 20.70, 76),
(1187, 5, '2025-09-10 10:00:00', 21.70, 68),
(1188, 5, '2025-09-10 11:00:00', 22.40, 66),
(1189, 5, '2025-09-10 12:00:00', 23.80, 60),
(1190, 5, '2025-09-10 13:00:00', 23.30, 59),
(1191, 5, '2025-09-10 14:00:00', 24.50, 53),
(1192, 5, '2025-09-10 15:00:00', 25.10, 56),
(1193, 5, '2025-09-10 16:00:00', 25.70, 57),
(1194, 5, '2025-09-10 17:00:00', 24.70, 56),
(1195, 5, '2025-09-10 18:00:00', 23.60, 64),
(1196, 5, '2025-09-10 19:00:00', 22.10, 68),
(1197, 5, '2025-09-10 20:00:00', 20.70, 68),
(1198, 5, '2025-09-10 21:00:00', 19.50, 76),
(1199, 5, '2025-09-10 22:00:00', 18.50, 79),
(1200, 5, '2025-09-10 23:00:00', 17.40, 85),
(1201, 5, '2025-09-11 00:00:00', 15.60, 90),
(1202, 5, '2025-09-11 01:00:00', 15.10, 95),
(1203, 5, '2025-09-11 02:00:00', 15.30, 91),
(1204, 5, '2025-09-11 03:00:00', 14.80, 95),
(1205, 5, '2025-09-11 04:00:00', 15.60, 96),
(1206, 5, '2025-09-11 05:00:00', 15.40, 93),
(1207, 5, '2025-09-11 06:00:00', 17.50, 85),
(1208, 5, '2025-09-11 07:00:00', 17.70, 85),
(1209, 5, '2025-09-11 08:00:00', 18.70, 83),
(1210, 5, '2025-09-11 09:00:00', 20.20, 75),
(1211, 5, '2025-09-11 10:00:00', 21.50, 71),
(1212, 5, '2025-09-11 11:00:00', 22.80, 66),
(1213, 5, '2025-09-11 12:00:00', 23.60, 60),
(1214, 5, '2025-09-11 13:00:00', 24.10, 61),
(1215, 5, '2025-09-11 14:00:00', 24.40, 57),
(1216, 5, '2025-09-11 15:00:00', 24.90, 55),
(1217, 5, '2025-09-11 16:00:00', 24.50, 53),
(1218, 5, '2025-09-11 17:00:00', 25.40, 56),
(1219, 5, '2025-09-11 18:00:00', 23.20, 62),
(1220, 5, '2025-09-11 19:00:00', 22.10, 68),
(1221, 5, '2025-09-11 20:00:00', 21.80, 70),
(1222, 5, '2025-09-11 21:00:00', 20.00, 76),
(1223, 5, '2025-09-11 22:00:00', 17.90, 84),
(1224, 5, '2025-09-11 23:00:00', 17.20, 87),
(1225, 5, '2025-09-12 00:00:00', 17.10, 88),
(1226, 5, '2025-09-12 01:00:00', 16.00, 95),
(1227, 5, '2025-09-12 02:00:00', 15.00, 96),
(1228, 5, '2025-09-12 03:00:00', 14.40, 98),
(1229, 5, '2025-09-12 04:00:00', 15.80, 94),
(1230, 5, '2025-09-12 05:00:00', 16.20, 95),
(1231, 5, '2025-09-12 06:00:00', 16.70, 89),
(1232, 5, '2025-09-12 07:00:00', 17.40, 83),
(1233, 5, '2025-09-12 08:00:00', 19.60, 81),
(1234, 5, '2025-09-12 09:00:00', 20.00, 77),
(1235, 5, '2025-09-12 10:00:00', 21.40, 72),
(1236, 5, '2025-09-12 11:00:00', 22.60, 67),
(1237, 5, '2025-09-12 12:00:00', 23.60, 61),
(1238, 5, '2025-09-12 13:00:00', 25.20, 60),
(1239, 5, '2025-09-12 14:00:00', 24.80, 55),
(1240, 5, '2025-09-12 15:00:00', 24.70, 54),
(1241, 5, '2025-09-12 16:00:00', 25.70, 54),
(1242, 5, '2025-09-12 17:00:00', 24.60, 55),
(1243, 5, '2025-09-12 18:00:00', 23.70, 60),
(1244, 5, '2025-09-12 19:00:00', 22.70, 63),
(1245, 5, '2025-09-12 20:00:00', 22.20, 70),
(1246, 5, '2025-09-12 21:00:00', 20.60, 74),
(1247, 5, '2025-09-12 22:00:00', 18.60, 80),
(1248, 5, '2025-09-12 23:00:00', 17.90, 86),
(1249, 5, '2025-09-13 00:00:00', 16.30, 91),
(1250, 5, '2025-09-13 01:00:00', 14.80, 92),
(1251, 5, '2025-09-13 02:00:00', 14.60, 98),
(1252, 5, '2025-09-13 03:00:00', 15.10, 98),
(1253, 5, '2025-09-13 04:00:00', 14.30, 90),
(1254, 5, '2025-09-13 05:00:00', 15.70, 89),
(1255, 5, '2025-09-13 06:00:00', 17.00, 89),
(1256, 5, '2025-09-13 07:00:00', 17.40, 83),
(1257, 5, '2025-09-13 08:00:00', 19.00, 78),
(1258, 5, '2025-09-13 09:00:00', 20.50, 77),
(1259, 5, '2025-09-13 10:00:00', 20.20, 69),
(1260, 5, '2025-09-13 11:00:00', 22.80, 63),
(1261, 5, '2025-09-13 12:00:00', 24.10, 62),
(1262, 5, '2025-09-13 13:00:00', 24.20, 60),
(1263, 5, '2025-09-13 14:00:00', 24.90, 57),
(1264, 5, '2025-09-13 15:00:00', 25.90, 56),
(1265, 5, '2025-09-13 16:00:00', 24.60, 57),
(1266, 5, '2025-09-13 17:00:00', 24.20, 58),
(1267, 5, '2025-09-13 18:00:00', 23.90, 60),
(1268, 5, '2025-09-13 19:00:00', 22.50, 66),
(1269, 5, '2025-09-13 20:00:00', 21.20, 71),
(1270, 5, '2025-09-13 21:00:00', 19.50, 81),
(1271, 5, '2025-09-13 22:00:00', 19.10, 85),
(1272, 5, '2025-09-13 23:00:00', 17.50, 87);

-- --------------------------------------------------------

--
-- Table structure for table `sensors`
--

CREATE TABLE `sensors` (
  `id` bigint(20) UNSIGNED NOT NULL,
  `name` varchar(100) NOT NULL,
  `controller_id` bigint(20) UNSIGNED NOT NULL,
  `type` enum('temperature','humidity','soil_moisture','light','pressure','co2') NOT NULL,
  `unit` varchar(32) NOT NULL,
  `technical_status` enum('functional','unfunctional') NOT NULL DEFAULT 'functional',
  `created_at` timestamp NOT NULL DEFAULT current_timestamp(),
  `serial_number` varchar(100) NOT NULL,
  `status` enum('on','off') NOT NULL DEFAULT 'on'
) ENGINE=InnoDB DEFAULT CHARSET=utf8mb4 COLLATE=utf8mb4_unicode_ci;

--
-- Dumping data for table `sensors`
--

INSERT INTO `sensors` (`id`, `name`, `controller_id`, `type`, `unit`, `technical_status`, `created_at`, `serial_number`, `status`) VALUES
(4, 'Temp Mock', 3, 'temperature', '°C', 'functional', '2025-09-12 08:46:35', 'TMP001', 'on'),
(5, 'Humidity Mock', 3, 'humidity', '%', 'unfunctional', '2025-09-12 08:46:35', 'HUM001', 'on'),
(6, 'Soil Moisture Mock', 3, 'soil_moisture', '%', 'functional', '2025-09-12 08:46:35', 'SOIL001', 'on');

-- --------------------------------------------------------

--
-- Table structure for table `sensor_readings`
--

CREATE TABLE `sensor_readings` (
  `id` bigint(20) UNSIGNED NOT NULL,
  `sensor_id` bigint(20) UNSIGNED NOT NULL,
  `value` decimal(10,4) NOT NULL,
  `timestamp` datetime NOT NULL
) ENGINE=InnoDB DEFAULT CHARSET=utf8mb4 COLLATE=utf8mb4_unicode_ci;

--
-- Dumping data for table `sensor_readings`
--

INSERT INTO `sensor_readings` (`id`, `sensor_id`, `value`, `timestamp`) VALUES
(553, 4, 26.6000, '2025-08-15 00:00:00'),
(554, 4, 25.9000, '2025-08-15 01:00:00'),
(555, 4, 25.3000, '2025-08-15 02:00:00'),
(556, 4, 24.8000, '2025-08-15 03:00:00'),
(557, 4, 24.4000, '2025-08-15 04:00:00'),
(558, 4, 24.6000, '2025-08-15 05:00:00'),
(559, 4, 25.0000, '2025-08-15 06:00:00'),
(560, 4, 26.0000, '2025-08-15 07:00:00'),
(561, 4, 27.6000, '2025-08-15 08:00:00'),
(562, 4, 29.5000, '2025-08-15 09:00:00'),
(563, 4, 31.4000, '2025-08-15 10:00:00'),
(564, 4, 33.0000, '2025-08-15 11:00:00'),
(565, 4, 34.3000, '2025-08-15 12:00:00'),
(566, 4, 35.2000, '2025-08-15 13:00:00'),
(567, 4, 35.9000, '2025-08-15 14:00:00'),
(568, 4, 36.2000, '2025-08-15 15:00:00'),
(569, 4, 35.8000, '2025-08-15 16:00:00'),
(570, 4, 34.6000, '2025-08-15 17:00:00'),
(571, 4, 33.2000, '2025-08-15 18:00:00'),
(572, 4, 31.5000, '2025-08-15 19:00:00'),
(573, 4, 30.3000, '2025-08-15 20:00:00'),
(574, 4, 29.2000, '2025-08-15 21:00:00'),
(575, 4, 28.3000, '2025-08-15 22:00:00'),
(576, 4, 27.4000, '2025-08-15 23:00:00'),
(577, 4, 26.7000, '2025-08-16 00:00:00'),
(578, 4, 26.0000, '2025-08-16 01:00:00'),
(579, 4, 25.4000, '2025-08-16 02:00:00'),
(580, 4, 24.9000, '2025-08-16 03:00:00'),
(581, 4, 24.5000, '2025-08-16 04:00:00'),
(582, 4, 24.7000, '2025-08-16 05:00:00'),
(583, 4, 25.1000, '2025-08-16 06:00:00'),
(584, 4, 26.1000, '2025-08-16 07:00:00'),
(585, 4, 27.7000, '2025-08-16 08:00:00'),
(586, 4, 29.6000, '2025-08-16 09:00:00'),
(587, 4, 31.5000, '2025-08-16 10:00:00'),
(588, 4, 33.1000, '2025-08-16 11:00:00'),
(589, 4, 34.4000, '2025-08-16 12:00:00'),
(590, 4, 35.3000, '2025-08-16 13:00:00'),
(591, 4, 36.0000, '2025-08-16 14:00:00'),
(592, 4, 36.3000, '2025-08-16 15:00:00'),
(593, 4, 35.9000, '2025-08-16 16:00:00'),
(594, 4, 34.7000, '2025-08-16 17:00:00'),
(595, 4, 33.3000, '2025-08-16 18:00:00'),
(596, 4, 31.6000, '2025-08-16 19:00:00'),
(597, 4, 30.4000, '2025-08-16 20:00:00'),
(598, 4, 29.3000, '2025-08-16 21:00:00'),
(599, 4, 28.4000, '2025-08-16 22:00:00'),
(600, 4, 27.5000, '2025-08-16 23:00:00'),
(601, 4, 27.0000, '2025-08-17 00:00:00'),
(602, 4, 26.3000, '2025-08-17 01:00:00'),
(603, 4, 25.7000, '2025-08-17 02:00:00'),
(604, 4, 25.2000, '2025-08-17 03:00:00'),
(605, 4, 24.8000, '2025-08-17 04:00:00'),
(606, 4, 25.0000, '2025-08-17 05:00:00'),
(607, 4, 25.4000, '2025-08-17 06:00:00'),
(608, 4, 26.4000, '2025-08-17 07:00:00'),
(609, 4, 28.0000, '2025-08-17 08:00:00'),
(610, 4, 29.9000, '2025-08-17 09:00:00'),
(611, 4, 31.8000, '2025-08-17 10:00:00'),
(612, 4, 33.4000, '2025-08-17 11:00:00'),
(613, 4, 34.7000, '2025-08-17 12:00:00'),
(614, 4, 35.6000, '2025-08-17 13:00:00'),
(615, 4, 36.3000, '2025-08-17 14:00:00'),
(616, 4, 36.6000, '2025-08-17 15:00:00'),
(617, 4, 36.2000, '2025-08-17 16:00:00'),
(618, 4, 35.0000, '2025-08-17 17:00:00'),
(619, 4, 33.6000, '2025-08-17 18:00:00'),
(620, 4, 31.9000, '2025-08-17 19:00:00'),
(621, 4, 30.7000, '2025-08-17 20:00:00'),
(622, 4, 29.6000, '2025-08-17 21:00:00'),
(623, 4, 28.7000, '2025-08-17 22:00:00'),
(624, 4, 27.8000, '2025-08-17 23:00:00'),
(625, 4, 27.1000, '2025-08-18 00:00:00'),
(626, 4, 26.4000, '2025-08-18 01:00:00'),
(627, 4, 25.8000, '2025-08-18 02:00:00'),
(628, 4, 25.3000, '2025-08-18 03:00:00'),
(629, 4, 24.9000, '2025-08-18 04:00:00'),
(630, 4, 25.1000, '2025-08-18 05:00:00'),
(631, 4, 25.5000, '2025-08-18 06:00:00'),
(632, 4, 26.5000, '2025-08-18 07:00:00'),
(633, 4, 28.1000, '2025-08-18 08:00:00'),
(634, 4, 30.0000, '2025-08-18 09:00:00'),
(635, 4, 31.9000, '2025-08-18 10:00:00'),
(636, 4, 33.5000, '2025-08-18 11:00:00'),
(637, 4, 34.8000, '2025-08-18 12:00:00'),
(638, 4, 35.7000, '2025-08-18 13:00:00'),
(639, 4, 36.4000, '2025-08-18 14:00:00'),
(640, 4, 36.7000, '2025-08-18 15:00:00'),
(641, 4, 36.3000, '2025-08-18 16:00:00'),
(642, 4, 35.1000, '2025-08-18 17:00:00'),
(643, 4, 33.7000, '2025-08-18 18:00:00'),
(644, 4, 32.0000, '2025-08-18 19:00:00'),
(645, 4, 30.8000, '2025-08-18 20:00:00'),
(646, 4, 29.7000, '2025-08-18 21:00:00'),
(647, 4, 28.8000, '2025-08-18 22:00:00'),
(648, 4, 27.9000, '2025-08-18 23:00:00'),
(649, 4, 27.4000, '2025-08-19 00:00:00'),
(650, 4, 26.7000, '2025-08-19 01:00:00'),
(651, 4, 26.1000, '2025-08-19 02:00:00'),
(652, 4, 25.6000, '2025-08-19 03:00:00'),
(653, 4, 25.2000, '2025-08-19 04:00:00'),
(654, 4, 25.4000, '2025-08-19 05:00:00'),
(655, 4, 25.8000, '2025-08-19 06:00:00'),
(656, 4, 26.8000, '2025-08-19 07:00:00'),
(657, 4, 28.4000, '2025-08-19 08:00:00'),
(658, 4, 30.3000, '2025-08-19 09:00:00'),
(659, 4, 32.2000, '2025-08-19 10:00:00'),
(660, 4, 33.8000, '2025-08-19 11:00:00'),
(661, 4, 35.1000, '2025-08-19 12:00:00'),
(662, 4, 36.0000, '2025-08-19 13:00:00'),
(663, 4, 36.7000, '2025-08-19 14:00:00'),
(664, 4, 37.0000, '2025-08-19 15:00:00'),
(665, 4, 36.6000, '2025-08-19 16:00:00'),
(666, 4, 35.4000, '2025-08-19 17:00:00'),
(667, 4, 34.0000, '2025-08-19 18:00:00'),
(668, 4, 32.3000, '2025-08-19 19:00:00'),
(669, 4, 31.1000, '2025-08-19 20:00:00'),
(670, 4, 30.0000, '2025-08-19 21:00:00'),
(671, 4, 29.1000, '2025-08-19 22:00:00'),
(672, 4, 28.2000, '2025-08-19 23:00:00'),
(673, 4, 27.5000, '2025-08-20 00:00:00'),
(674, 4, 26.8000, '2025-08-20 01:00:00'),
(675, 4, 26.2000, '2025-08-20 02:00:00'),
(676, 4, 25.7000, '2025-08-20 03:00:00'),
(677, 4, 25.3000, '2025-08-20 04:00:00'),
(678, 4, 25.5000, '2025-08-20 05:00:00'),
(679, 4, 25.9000, '2025-08-20 06:00:00'),
(680, 4, 26.9000, '2025-08-20 07:00:00'),
(681, 4, 28.5000, '2025-08-20 08:00:00'),
(682, 4, 30.4000, '2025-08-20 09:00:00'),
(683, 4, 32.3000, '2025-08-20 10:00:00'),
(684, 4, 33.9000, '2025-08-20 11:00:00'),
(685, 4, 35.2000, '2025-08-20 12:00:00'),
(686, 4, 36.1000, '2025-08-20 13:00:00'),
(687, 4, 36.8000, '2025-08-20 14:00:00'),
(688, 4, 37.1000, '2025-08-20 15:00:00'),
(689, 4, 36.7000, '2025-08-20 16:00:00'),
(690, 4, 35.5000, '2025-08-20 17:00:00'),
(691, 4, 34.1000, '2025-08-20 18:00:00'),
(692, 4, 32.4000, '2025-08-20 19:00:00'),
(693, 4, 31.2000, '2025-08-20 20:00:00'),
(694, 4, 30.1000, '2025-08-20 21:00:00'),
(695, 4, 29.2000, '2025-08-20 22:00:00'),
(696, 4, 28.3000, '2025-08-20 23:00:00'),
(697, 4, 27.8000, '2025-08-21 00:00:00'),
(698, 4, 27.1000, '2025-08-21 01:00:00'),
(699, 4, 26.5000, '2025-08-21 02:00:00'),
(700, 4, 26.0000, '2025-08-21 03:00:00'),
(701, 4, 25.6000, '2025-08-21 04:00:00'),
(702, 4, 25.8000, '2025-08-21 05:00:00'),
(703, 4, 26.2000, '2025-08-21 06:00:00'),
(704, 4, 27.2000, '2025-08-21 07:00:00'),
(705, 4, 28.8000, '2025-08-21 08:00:00'),
(706, 4, 30.7000, '2025-08-21 09:00:00'),
(707, 4, 32.6000, '2025-08-21 10:00:00'),
(708, 4, 34.2000, '2025-08-21 11:00:00'),
(709, 4, 35.5000, '2025-08-21 12:00:00'),
(710, 4, 36.4000, '2025-08-21 13:00:00'),
(711, 4, 37.1000, '2025-08-21 14:00:00'),
(712, 4, 37.4000, '2025-08-21 15:00:00'),
(713, 4, 37.0000, '2025-08-21 16:00:00'),
(714, 4, 35.8000, '2025-08-21 17:00:00'),
(715, 4, 34.4000, '2025-08-21 18:00:00'),
(716, 4, 32.7000, '2025-08-21 19:00:00'),
(717, 4, 31.5000, '2025-08-21 20:00:00'),
(718, 4, 30.4000, '2025-08-21 21:00:00'),
(719, 4, 29.5000, '2025-08-21 22:00:00'),
(720, 4, 28.6000, '2025-08-21 23:00:00'),
(721, 4, 28.1000, '2025-08-22 00:00:00'),
(722, 4, 27.4000, '2025-08-22 01:00:00'),
(723, 4, 26.8000, '2025-08-22 02:00:00'),
(724, 4, 26.1000, '2025-08-22 03:00:00'),
(725, 4, 25.7000, '2025-08-22 04:00:00'),
(726, 4, 25.9000, '2025-08-22 05:00:00'),
(727, 4, 26.4000, '2025-08-22 06:00:00'),
(728, 4, 27.5000, '2025-08-22 07:00:00'),
(729, 4, 29.1000, '2025-08-22 08:00:00'),
(730, 4, 31.0000, '2025-08-22 09:00:00'),
(731, 4, 32.9000, '2025-08-22 10:00:00'),
(732, 4, 34.5000, '2025-08-22 11:00:00'),
(733, 4, 35.8000, '2025-08-22 12:00:00'),
(734, 4, 36.7000, '2025-08-22 13:00:00'),
(735, 4, 37.3000, '2025-08-22 14:00:00'),
(736, 4, 37.6000, '2025-08-22 15:00:00'),
(737, 4, 37.2000, '2025-08-22 16:00:00'),
(738, 4, 36.0000, '2025-08-22 17:00:00'),
(739, 4, 34.6000, '2025-08-22 18:00:00'),
(740, 4, 32.9000, '2025-08-22 19:00:00'),
(741, 4, 31.7000, '2025-08-22 20:00:00'),
(742, 4, 30.6000, '2025-08-22 21:00:00'),
(743, 4, 29.7000, '2025-08-22 22:00:00'),
(744, 4, 28.8000, '2025-08-22 23:00:00'),
(745, 4, 27.9000, '2025-08-23 00:00:00'),
(746, 4, 27.2000, '2025-08-23 01:00:00'),
(747, 4, 26.6000, '2025-08-23 02:00:00'),
(748, 4, 25.9000, '2025-08-23 03:00:00'),
(749, 4, 25.5000, '2025-08-23 04:00:00'),
(750, 4, 25.7000, '2025-08-23 05:00:00'),
(751, 4, 26.2000, '2025-08-23 06:00:00'),
(752, 4, 27.3000, '2025-08-23 07:00:00'),
(753, 4, 28.9000, '2025-08-23 08:00:00'),
(754, 4, 30.8000, '2025-08-23 09:00:00'),
(755, 4, 32.7000, '2025-08-23 10:00:00'),
(756, 4, 34.3000, '2025-08-23 11:00:00'),
(757, 4, 35.6000, '2025-08-23 12:00:00'),
(758, 4, 36.5000, '2025-08-23 13:00:00'),
(759, 4, 37.1000, '2025-08-23 14:00:00'),
(760, 4, 37.4000, '2025-08-23 15:00:00'),
(761, 4, 37.0000, '2025-08-23 16:00:00'),
(762, 4, 35.8000, '2025-08-23 17:00:00'),
(763, 4, 34.4000, '2025-08-23 18:00:00'),
(764, 4, 32.7000, '2025-08-23 19:00:00'),
(765, 4, 31.5000, '2025-08-23 20:00:00'),
(766, 4, 30.4000, '2025-08-23 21:00:00'),
(767, 4, 29.5000, '2025-08-23 22:00:00'),
(768, 4, 28.6000, '2025-08-23 23:00:00'),
(769, 4, 27.6000, '2025-08-24 00:00:00'),
(770, 4, 26.9000, '2025-08-24 01:00:00'),
(771, 4, 26.3000, '2025-08-24 02:00:00'),
(772, 4, 25.6000, '2025-08-24 03:00:00'),
(773, 4, 25.2000, '2025-08-24 04:00:00'),
(774, 4, 25.4000, '2025-08-24 05:00:00'),
(775, 4, 25.9000, '2025-08-24 06:00:00'),
(776, 4, 27.0000, '2025-08-24 07:00:00'),
(777, 4, 28.6000, '2025-08-24 08:00:00'),
(778, 4, 30.5000, '2025-08-24 09:00:00'),
(779, 4, 32.4000, '2025-08-24 10:00:00'),
(780, 4, 34.0000, '2025-08-24 11:00:00'),
(781, 4, 35.3000, '2025-08-24 12:00:00'),
(782, 4, 36.2000, '2025-08-24 13:00:00'),
(783, 4, 36.8000, '2025-08-24 14:00:00'),
(784, 4, 37.1000, '2025-08-24 15:00:00'),
(785, 4, 36.7000, '2025-08-24 16:00:00'),
(786, 4, 35.5000, '2025-08-24 17:00:00'),
(787, 4, 34.1000, '2025-08-24 18:00:00'),
(788, 4, 32.4000, '2025-08-24 19:00:00'),
(789, 4, 31.2000, '2025-08-24 20:00:00'),
(790, 4, 30.1000, '2025-08-24 21:00:00'),
(791, 4, 29.2000, '2025-08-24 22:00:00'),
(792, 4, 28.3000, '2025-08-24 23:00:00'),
(793, 4, 27.5000, '2025-08-25 00:00:00'),
(794, 4, 26.8000, '2025-08-25 01:00:00'),
(795, 4, 26.2000, '2025-08-25 02:00:00'),
(796, 4, 25.5000, '2025-08-25 03:00:00'),
(797, 4, 25.1000, '2025-08-25 04:00:00'),
(798, 4, 25.3000, '2025-08-25 05:00:00'),
(799, 4, 25.8000, '2025-08-25 06:00:00'),
(800, 4, 26.9000, '2025-08-25 07:00:00'),
(801, 4, 28.5000, '2025-08-25 08:00:00'),
(802, 4, 30.4000, '2025-08-25 09:00:00'),
(803, 4, 32.3000, '2025-08-25 10:00:00'),
(804, 4, 33.9000, '2025-08-25 11:00:00'),
(805, 4, 35.2000, '2025-08-25 12:00:00'),
(806, 4, 36.1000, '2025-08-25 13:00:00'),
(807, 4, 36.7000, '2025-08-25 14:00:00'),
(808, 4, 37.0000, '2025-08-25 15:00:00'),
(809, 4, 36.6000, '2025-08-25 16:00:00'),
(810, 4, 35.4000, '2025-08-25 17:00:00'),
(811, 4, 34.0000, '2025-08-25 18:00:00'),
(812, 4, 32.3000, '2025-08-25 19:00:00'),
(813, 4, 31.1000, '2025-08-25 20:00:00'),
(814, 4, 30.0000, '2025-08-25 21:00:00'),
(815, 4, 29.1000, '2025-08-25 22:00:00'),
(816, 4, 28.2000, '2025-08-25 23:00:00'),
(817, 4, 27.2000, '2025-08-26 00:00:00'),
(818, 4, 26.5000, '2025-08-26 01:00:00'),
(819, 4, 25.9000, '2025-08-26 02:00:00'),
(820, 4, 25.2000, '2025-08-26 03:00:00'),
(821, 4, 24.8000, '2025-08-26 04:00:00'),
(822, 4, 25.0000, '2025-08-26 05:00:00'),
(823, 4, 25.5000, '2025-08-26 06:00:00'),
(824, 4, 26.6000, '2025-08-26 07:00:00'),
(825, 4, 28.2000, '2025-08-26 08:00:00'),
(826, 4, 30.1000, '2025-08-26 09:00:00'),
(827, 4, 32.0000, '2025-08-26 10:00:00'),
(828, 4, 33.6000, '2025-08-26 11:00:00'),
(829, 4, 34.9000, '2025-08-26 12:00:00'),
(830, 4, 35.8000, '2025-08-26 13:00:00'),
(831, 4, 36.4000, '2025-08-26 14:00:00'),
(832, 4, 36.7000, '2025-08-26 15:00:00'),
(833, 4, 36.3000, '2025-08-26 16:00:00'),
(834, 4, 35.1000, '2025-08-26 17:00:00'),
(835, 4, 33.7000, '2025-08-26 18:00:00'),
(836, 4, 32.0000, '2025-08-26 19:00:00'),
(837, 4, 30.8000, '2025-08-26 20:00:00'),
(838, 4, 29.7000, '2025-08-26 21:00:00'),
(839, 4, 28.8000, '2025-08-26 22:00:00'),
(840, 4, 27.9000, '2025-08-26 23:00:00'),
(841, 4, 27.0000, '2025-08-27 00:00:00'),
(842, 4, 26.3000, '2025-08-27 01:00:00'),
(843, 4, 25.7000, '2025-08-27 02:00:00'),
(844, 4, 25.0000, '2025-08-27 03:00:00'),
(845, 4, 24.6000, '2025-08-27 04:00:00'),
(846, 4, 24.8000, '2025-08-27 05:00:00'),
(847, 4, 25.3000, '2025-08-27 06:00:00'),
(848, 4, 26.4000, '2025-08-27 07:00:00'),
(849, 4, 28.0000, '2025-08-27 08:00:00'),
(850, 4, 29.9000, '2025-08-27 09:00:00'),
(851, 4, 31.8000, '2025-08-27 10:00:00'),
(852, 4, 33.4000, '2025-08-27 11:00:00'),
(853, 4, 34.7000, '2025-08-27 12:00:00'),
(854, 4, 35.6000, '2025-08-27 13:00:00'),
(855, 4, 36.2000, '2025-08-27 14:00:00'),
(856, 4, 36.5000, '2025-08-27 15:00:00'),
(857, 4, 36.1000, '2025-08-27 16:00:00'),
(858, 4, 34.9000, '2025-08-27 17:00:00'),
(859, 4, 33.5000, '2025-08-27 18:00:00'),
(860, 4, 31.8000, '2025-08-27 19:00:00'),
(861, 4, 30.6000, '2025-08-27 20:00:00'),
(862, 4, 29.5000, '2025-08-27 21:00:00'),
(863, 4, 28.6000, '2025-08-27 22:00:00'),
(864, 4, 27.7000, '2025-08-27 23:00:00'),
(865, 4, 26.9000, '2025-08-28 00:00:00'),
(866, 4, 26.2000, '2025-08-28 01:00:00'),
(867, 4, 25.6000, '2025-08-28 02:00:00'),
(868, 4, 24.9000, '2025-08-28 03:00:00'),
(869, 4, 24.5000, '2025-08-28 04:00:00'),
(870, 4, 24.7000, '2025-08-28 05:00:00'),
(871, 4, 25.2000, '2025-08-28 06:00:00'),
(872, 4, 26.3000, '2025-08-28 07:00:00'),
(873, 4, 27.9000, '2025-08-28 08:00:00'),
(874, 4, 29.8000, '2025-08-28 09:00:00'),
(875, 4, 31.7000, '2025-08-28 10:00:00'),
(876, 4, 33.3000, '2025-08-28 11:00:00'),
(877, 4, 34.6000, '2025-08-28 12:00:00'),
(878, 4, 35.5000, '2025-08-28 13:00:00'),
(879, 4, 36.1000, '2025-08-28 14:00:00'),
(880, 4, 36.4000, '2025-08-28 15:00:00'),
(881, 4, 36.0000, '2025-08-28 16:00:00'),
(882, 4, 34.8000, '2025-08-28 17:00:00'),
(883, 4, 33.4000, '2025-08-28 18:00:00'),
(884, 4, 31.7000, '2025-08-28 19:00:00'),
(885, 4, 30.5000, '2025-08-28 20:00:00'),
(886, 4, 29.4000, '2025-08-28 21:00:00'),
(887, 4, 28.5000, '2025-08-28 22:00:00'),
(888, 4, 27.6000, '2025-08-28 23:00:00'),
(889, 4, 26.7000, '2025-08-29 00:00:00'),
(890, 4, 26.0000, '2025-08-29 01:00:00'),
(891, 4, 25.4000, '2025-08-29 02:00:00'),
(892, 4, 24.7000, '2025-08-29 03:00:00'),
(893, 4, 24.3000, '2025-08-29 04:00:00'),
(894, 4, 24.5000, '2025-08-29 05:00:00'),
(895, 4, 25.0000, '2025-08-29 06:00:00'),
(896, 4, 26.1000, '2025-08-29 07:00:00'),
(897, 4, 27.7000, '2025-08-29 08:00:00'),
(898, 4, 29.6000, '2025-08-29 09:00:00'),
(899, 4, 31.5000, '2025-08-29 10:00:00'),
(900, 4, 33.1000, '2025-08-29 11:00:00'),
(901, 4, 34.4000, '2025-08-29 12:00:00'),
(902, 4, 35.3000, '2025-08-29 13:00:00'),
(903, 4, 35.9000, '2025-08-29 14:00:00'),
(904, 4, 36.2000, '2025-08-29 15:00:00'),
(905, 4, 35.8000, '2025-08-29 16:00:00'),
(906, 4, 34.6000, '2025-08-29 17:00:00'),
(907, 4, 33.2000, '2025-08-29 18:00:00'),
(908, 4, 31.5000, '2025-08-29 19:00:00'),
(909, 4, 30.3000, '2025-08-29 20:00:00'),
(910, 4, 29.2000, '2025-08-29 21:00:00'),
(911, 4, 28.3000, '2025-08-29 22:00:00'),
(912, 4, 27.4000, '2025-08-29 23:00:00'),
(913, 4, 26.5000, '2025-08-30 00:00:00'),
(914, 4, 25.8000, '2025-08-30 01:00:00'),
(915, 4, 25.2000, '2025-08-30 02:00:00'),
(916, 4, 24.5000, '2025-08-30 03:00:00'),
(917, 4, 24.1000, '2025-08-30 04:00:00'),
(918, 4, 24.3000, '2025-08-30 05:00:00'),
(919, 4, 24.8000, '2025-08-30 06:00:00'),
(920, 4, 25.9000, '2025-08-30 07:00:00'),
(921, 4, 27.5000, '2025-08-30 08:00:00'),
(922, 4, 29.4000, '2025-08-30 09:00:00'),
(923, 4, 31.3000, '2025-08-30 10:00:00'),
(924, 4, 32.9000, '2025-08-30 11:00:00'),
(925, 4, 34.2000, '2025-08-30 12:00:00'),
(926, 4, 35.1000, '2025-08-30 13:00:00'),
(927, 4, 35.7000, '2025-08-30 14:00:00'),
(928, 4, 36.0000, '2025-08-30 15:00:00'),
(929, 4, 35.6000, '2025-08-30 16:00:00'),
(930, 4, 34.4000, '2025-08-30 17:00:00'),
(931, 4, 33.0000, '2025-08-30 18:00:00'),
(932, 4, 31.3000, '2025-08-30 19:00:00'),
(933, 4, 30.1000, '2025-08-30 20:00:00'),
(934, 4, 29.0000, '2025-08-30 21:00:00'),
(935, 4, 28.1000, '2025-08-30 22:00:00'),
(936, 4, 27.2000, '2025-08-30 23:00:00'),
(937, 4, 26.3000, '2025-08-31 00:00:00'),
(938, 4, 25.6000, '2025-08-31 01:00:00'),
(939, 4, 25.0000, '2025-08-31 02:00:00'),
(940, 4, 24.3000, '2025-08-31 03:00:00'),
(941, 4, 23.9000, '2025-08-31 04:00:00'),
(942, 4, 24.1000, '2025-08-31 05:00:00'),
(943, 4, 24.6000, '2025-08-31 06:00:00'),
(944, 4, 25.7000, '2025-08-31 07:00:00'),
(945, 4, 27.3000, '2025-08-31 08:00:00'),
(946, 4, 29.2000, '2025-08-31 09:00:00'),
(947, 4, 31.1000, '2025-08-31 10:00:00'),
(948, 4, 32.7000, '2025-08-31 11:00:00'),
(949, 4, 34.0000, '2025-08-31 12:00:00'),
(950, 4, 34.9000, '2025-08-31 13:00:00'),
(951, 4, 35.5000, '2025-08-31 14:00:00'),
(952, 4, 35.8000, '2025-08-31 15:00:00'),
(953, 4, 35.4000, '2025-08-31 16:00:00'),
(954, 4, 34.2000, '2025-08-31 17:00:00'),
(955, 4, 32.8000, '2025-08-31 18:00:00'),
(956, 4, 31.1000, '2025-08-31 19:00:00'),
(957, 4, 29.9000, '2025-08-31 20:00:00'),
(958, 4, 28.8000, '2025-08-31 21:00:00'),
(959, 4, 27.9000, '2025-08-31 22:00:00'),
(960, 4, 27.0000, '2025-08-31 23:00:00'),
(961, 4, 26.2000, '2025-09-01 00:00:00'),
(962, 4, 25.5000, '2025-09-01 01:00:00'),
(963, 4, 24.9000, '2025-09-01 02:00:00'),
(964, 4, 24.2000, '2025-09-01 03:00:00'),
(965, 4, 23.8000, '2025-09-01 04:00:00'),
(966, 4, 24.0000, '2025-09-01 05:00:00'),
(967, 4, 24.5000, '2025-09-01 06:00:00'),
(968, 4, 25.6000, '2025-09-01 07:00:00'),
(969, 4, 27.2000, '2025-09-01 08:00:00'),
(970, 4, 29.1000, '2025-09-01 09:00:00'),
(971, 4, 31.0000, '2025-09-01 10:00:00'),
(972, 4, 32.6000, '2025-09-01 11:00:00'),
(973, 4, 33.9000, '2025-09-01 12:00:00'),
(974, 4, 34.8000, '2025-09-01 13:00:00'),
(975, 4, 35.4000, '2025-09-01 14:00:00'),
(976, 4, 35.7000, '2025-09-01 15:00:00'),
(977, 4, 35.3000, '2025-09-01 16:00:00'),
(978, 4, 34.1000, '2025-09-01 17:00:00'),
(979, 4, 32.7000, '2025-09-01 18:00:00'),
(980, 4, 31.0000, '2025-09-01 19:00:00'),
(981, 4, 29.8000, '2025-09-01 20:00:00'),
(982, 4, 28.7000, '2025-09-01 21:00:00'),
(983, 4, 27.8000, '2025-09-01 22:00:00'),
(984, 4, 26.9000, '2025-09-01 23:00:00'),
(985, 4, 26.0000, '2025-09-02 00:00:00'),
(986, 4, 25.3000, '2025-09-02 01:00:00'),
(987, 4, 24.7000, '2025-09-02 02:00:00'),
(988, 4, 24.0000, '2025-09-02 03:00:00'),
(989, 4, 23.6000, '2025-09-02 04:00:00'),
(990, 4, 23.8000, '2025-09-02 05:00:00'),
(991, 4, 24.3000, '2025-09-02 06:00:00'),
(992, 4, 25.4000, '2025-09-02 07:00:00'),
(993, 4, 27.0000, '2025-09-02 08:00:00'),
(994, 4, 28.9000, '2025-09-02 09:00:00'),
(995, 4, 30.8000, '2025-09-02 10:00:00'),
(996, 4, 32.4000, '2025-09-02 11:00:00'),
(997, 4, 33.7000, '2025-09-02 12:00:00'),
(998, 4, 34.6000, '2025-09-02 13:00:00'),
(999, 4, 35.2000, '2025-09-02 14:00:00'),
(1000, 4, 35.5000, '2025-09-02 15:00:00'),
(1001, 4, 35.1000, '2025-09-02 16:00:00'),
(1002, 4, 33.9000, '2025-09-02 17:00:00'),
(1003, 4, 32.5000, '2025-09-02 18:00:00'),
(1004, 4, 30.8000, '2025-09-02 19:00:00'),
(1005, 4, 29.6000, '2025-09-02 20:00:00'),
(1006, 4, 28.5000, '2025-09-02 21:00:00'),
(1007, 4, 27.6000, '2025-09-02 22:00:00'),
(1008, 4, 26.7000, '2025-09-02 23:00:00'),
(1009, 4, 25.9000, '2025-09-03 00:00:00'),
(1010, 4, 25.2000, '2025-09-03 01:00:00'),
(1011, 4, 24.6000, '2025-09-03 02:00:00'),
(1012, 4, 23.9000, '2025-09-03 03:00:00'),
(1013, 4, 23.5000, '2025-09-03 04:00:00'),
(1014, 4, 23.7000, '2025-09-03 05:00:00'),
(1015, 4, 24.2000, '2025-09-03 06:00:00'),
(1016, 4, 25.3000, '2025-09-03 07:00:00'),
(1017, 4, 26.9000, '2025-09-03 08:00:00'),
(1018, 4, 28.8000, '2025-09-03 09:00:00'),
(1019, 4, 30.7000, '2025-09-03 10:00:00'),
(1020, 4, 32.3000, '2025-09-03 11:00:00'),
(1021, 4, 33.6000, '2025-09-03 12:00:00'),
(1022, 4, 34.5000, '2025-09-03 13:00:00'),
(1023, 4, 35.1000, '2025-09-03 14:00:00'),
(1024, 4, 35.4000, '2025-09-03 15:00:00'),
(1025, 4, 35.0000, '2025-09-03 16:00:00'),
(1026, 4, 33.8000, '2025-09-03 17:00:00'),
(1027, 4, 32.4000, '2025-09-03 18:00:00'),
(1028, 4, 30.7000, '2025-09-03 19:00:00'),
(1029, 4, 29.5000, '2025-09-03 20:00:00'),
(1030, 4, 28.4000, '2025-09-03 21:00:00'),
(1031, 4, 27.5000, '2025-09-03 22:00:00'),
(1032, 4, 26.6000, '2025-09-03 23:00:00'),
(1033, 4, 25.8000, '2025-09-04 00:00:00'),
(1034, 4, 25.1000, '2025-09-04 01:00:00'),
(1035, 4, 24.5000, '2025-09-04 02:00:00'),
(1036, 4, 23.8000, '2025-09-04 03:00:00'),
(1037, 4, 23.4000, '2025-09-04 04:00:00'),
(1038, 4, 23.6000, '2025-09-04 05:00:00'),
(1039, 4, 24.1000, '2025-09-04 06:00:00'),
(1040, 4, 25.2000, '2025-09-04 07:00:00'),
(1041, 4, 26.8000, '2025-09-04 08:00:00'),
(1042, 4, 28.7000, '2025-09-04 09:00:00'),
(1043, 4, 30.6000, '2025-09-04 10:00:00'),
(1044, 4, 32.2000, '2025-09-04 11:00:00'),
(1045, 4, 33.5000, '2025-09-04 12:00:00'),
(1046, 4, 34.4000, '2025-09-04 13:00:00'),
(1047, 4, 35.0000, '2025-09-04 14:00:00'),
(1048, 4, 35.3000, '2025-09-04 15:00:00'),
(1049, 4, 34.9000, '2025-09-04 16:00:00'),
(1050, 4, 33.7000, '2025-09-04 17:00:00'),
(1051, 4, 32.3000, '2025-09-04 18:00:00'),
(1052, 4, 30.6000, '2025-09-04 19:00:00'),
(1053, 4, 29.4000, '2025-09-04 20:00:00'),
(1054, 4, 28.3000, '2025-09-04 21:00:00'),
(1055, 4, 27.4000, '2025-09-04 22:00:00'),
(1056, 4, 26.5000, '2025-09-04 23:00:00'),
(1057, 4, 25.7000, '2025-09-05 00:00:00'),
(1058, 4, 25.0000, '2025-09-05 01:00:00'),
(1059, 4, 24.4000, '2025-09-05 02:00:00'),
(1060, 4, 23.7000, '2025-09-05 03:00:00'),
(1061, 4, 23.3000, '2025-09-05 04:00:00'),
(1062, 4, 23.5000, '2025-09-05 05:00:00'),
(1063, 4, 24.0000, '2025-09-05 06:00:00'),
(1064, 4, 25.1000, '2025-09-05 07:00:00'),
(1065, 4, 26.7000, '2025-09-05 08:00:00'),
(1066, 4, 28.6000, '2025-09-05 09:00:00'),
(1067, 4, 30.5000, '2025-09-05 10:00:00'),
(1068, 4, 32.1000, '2025-09-05 11:00:00'),
(1069, 4, 33.4000, '2025-09-05 12:00:00'),
(1070, 4, 34.3000, '2025-09-05 13:00:00'),
(1071, 4, 34.9000, '2025-09-05 14:00:00'),
(1072, 4, 35.2000, '2025-09-05 15:00:00'),
(1073, 4, 34.8000, '2025-09-05 16:00:00'),
(1074, 4, 33.6000, '2025-09-05 17:00:00'),
(1075, 4, 32.2000, '2025-09-05 18:00:00'),
(1076, 4, 30.5000, '2025-09-05 19:00:00'),
(1077, 4, 29.3000, '2025-09-05 20:00:00'),
(1078, 4, 28.2000, '2025-09-05 21:00:00'),
(1079, 4, 27.3000, '2025-09-05 22:00:00'),
(1080, 4, 26.4000, '2025-09-05 23:00:00'),
(1081, 4, 24.0000, '2025-09-06 00:00:00'),
(1082, 4, 22.9000, '2025-09-06 01:00:00'),
(1083, 4, 22.8000, '2025-09-06 02:00:00'),
(1084, 4, 21.9000, '2025-09-06 03:00:00'),
(1085, 4, 22.0000, '2025-09-06 04:00:00'),
(1086, 4, 22.2000, '2025-09-06 05:00:00'),
(1087, 4, 24.3000, '2025-09-06 06:00:00'),
(1088, 4, 25.5000, '2025-09-06 07:00:00'),
(1089, 4, 27.7000, '2025-09-06 08:00:00'),
(1090, 4, 28.8000, '2025-09-06 09:00:00'),
(1091, 4, 32.8000, '2025-09-06 10:00:00'),
(1092, 4, 34.3000, '2025-09-06 11:00:00'),
(1093, 4, 36.4000, '2025-09-06 12:00:00'),
(1094, 4, 36.7000, '2025-09-06 13:00:00'),
(1095, 4, 38.5000, '2025-09-06 14:00:00'),
(1096, 4, 37.3000, '2025-09-06 15:00:00'),
(1097, 4, 37.1000, '2025-09-06 16:00:00'),
(1098, 4, 37.1000, '2025-09-06 17:00:00'),
(1099, 4, 35.4000, '2025-09-06 18:00:00'),
(1100, 4, 34.6000, '2025-09-06 19:00:00'),
(1101, 4, 32.0000, '2025-09-06 20:00:00'),
(1102, 4, 30.6000, '2025-09-06 21:00:00'),
(1103, 4, 27.8000, '2025-09-06 22:00:00'),
(1104, 4, 25.4000, '2025-09-06 23:00:00'),
(1105, 4, 24.0000, '2025-09-07 00:00:00'),
(1106, 4, 23.6000, '2025-09-07 01:00:00'),
(1107, 4, 22.5000, '2025-09-07 02:00:00'),
(1108, 4, 22.5000, '2025-09-07 03:00:00'),
(1109, 4, 23.5000, '2025-09-07 04:00:00'),
(1110, 4, 22.8000, '2025-09-07 05:00:00'),
(1111, 4, 24.1000, '2025-09-07 06:00:00'),
(1112, 4, 25.9000, '2025-09-07 07:00:00'),
(1113, 4, 28.3000, '2025-09-07 08:00:00'),
(1114, 4, 29.3000, '2025-09-07 09:00:00'),
(1115, 4, 31.9000, '2025-09-07 10:00:00'),
(1116, 4, 32.7000, '2025-09-07 11:00:00'),
(1117, 4, 35.3000, '2025-09-07 12:00:00'),
(1118, 4, 36.9000, '2025-09-07 13:00:00'),
(1119, 4, 36.8000, '2025-09-07 14:00:00'),
(1120, 4, 37.3000, '2025-09-07 15:00:00'),
(1121, 4, 37.9000, '2025-09-07 16:00:00'),
(1122, 4, 37.8000, '2025-09-07 17:00:00'),
(1123, 4, 35.9000, '2025-09-07 18:00:00'),
(1124, 4, 33.7000, '2025-09-07 19:00:00'),
(1125, 4, 32.3000, '2025-09-07 20:00:00'),
(1126, 4, 30.0000, '2025-09-07 21:00:00'),
(1127, 4, 28.3000, '2025-09-07 22:00:00'),
(1128, 4, 25.3000, '2025-09-07 23:00:00'),
(1129, 4, 23.7000, '2025-09-08 00:00:00'),
(1130, 4, 21.8000, '2025-09-08 01:00:00'),
(1131, 4, 22.0000, '2025-09-08 02:00:00'),
(1132, 4, 20.4000, '2025-09-08 03:00:00'),
(1133, 4, 22.8000, '2025-09-08 04:00:00'),
(1134, 4, 22.7000, '2025-09-08 05:00:00'),
(1135, 4, 24.4000, '2025-09-08 06:00:00'),
(1136, 4, 25.8000, '2025-09-08 07:00:00'),
(1137, 4, 28.7000, '2025-09-08 08:00:00'),
(1138, 4, 30.5000, '2025-09-08 09:00:00'),
(1139, 4, 32.4000, '2025-09-08 10:00:00'),
(1140, 4, 34.1000, '2025-09-08 11:00:00'),
(1141, 4, 36.6000, '2025-09-08 12:00:00'),
(1142, 4, 37.0000, '2025-09-08 13:00:00'),
(1143, 4, 38.2000, '2025-09-08 14:00:00'),
(1144, 4, 38.1000, '2025-09-08 15:00:00'),
(1145, 4, 37.6000, '2025-09-08 16:00:00'),
(1146, 4, 36.8000, '2025-09-08 17:00:00'),
(1147, 4, 35.2000, '2025-09-08 18:00:00'),
(1148, 4, 33.8000, '2025-09-08 19:00:00'),
(1149, 4, 32.7000, '2025-09-08 20:00:00'),
(1150, 4, 30.1000, '2025-09-08 21:00:00'),
(1151, 4, 28.2000, '2025-09-08 22:00:00'),
(1152, 4, 25.9000, '2025-09-08 23:00:00'),
(1153, 4, 24.3000, '2025-09-09 00:00:00'),
(1154, 4, 24.0000, '2025-09-09 01:00:00'),
(1155, 4, 22.7000, '2025-09-09 02:00:00'),
(1156, 4, 21.7000, '2025-09-09 03:00:00'),
(1157, 4, 23.2000, '2025-09-09 04:00:00'),
(1158, 4, 23.7000, '2025-09-09 05:00:00'),
(1159, 4, 24.8000, '2025-09-09 06:00:00'),
(1160, 4, 26.2000, '2025-09-09 07:00:00'),
(1161, 4, 27.2000, '2025-09-09 08:00:00'),
(1162, 4, 29.6000, '2025-09-09 09:00:00'),
(1163, 4, 32.0000, '2025-09-09 10:00:00'),
(1164, 4, 34.0000, '2025-09-09 11:00:00'),
(1165, 4, 36.3000, '2025-09-09 12:00:00'),
(1166, 4, 37.5000, '2025-09-09 13:00:00'),
(1167, 4, 37.3000, '2025-09-09 14:00:00'),
(1168, 4, 37.2000, '2025-09-09 15:00:00'),
(1169, 4, 37.1000, '2025-09-09 16:00:00'),
(1170, 4, 37.0000, '2025-09-09 17:00:00'),
(1171, 4, 35.8000, '2025-09-09 18:00:00'),
(1172, 4, 33.4000, '2025-09-09 19:00:00'),
(1173, 4, 31.6000, '2025-09-09 20:00:00'),
(1174, 4, 29.9000, '2025-09-09 21:00:00'),
(1175, 4, 28.7000, '2025-09-09 22:00:00'),
(1176, 4, 25.9000, '2025-09-09 23:00:00'),
(1177, 4, 24.0000, '2025-09-10 00:00:00'),
(1178, 4, 23.0000, '2025-09-10 01:00:00'),
(1179, 4, 22.0000, '2025-09-10 02:00:00'),
(1180, 4, 20.9000, '2025-09-10 03:00:00'),
(1181, 4, 21.7000, '2025-09-10 04:00:00'),
(1182, 4, 22.6000, '2025-09-10 05:00:00'),
(1183, 4, 24.2000, '2025-09-10 06:00:00'),
(1184, 4, 25.8000, '2025-09-10 07:00:00'),
(1185, 4, 27.3000, '2025-09-10 08:00:00'),
(1186, 4, 30.4000, '2025-09-10 09:00:00'),
(1187, 4, 32.3000, '2025-09-10 10:00:00'),
(1188, 4, 33.7000, '2025-09-10 11:00:00'),
(1189, 4, 36.6000, '2025-09-10 12:00:00'),
(1190, 4, 37.5000, '2025-09-10 13:00:00'),
(1191, 4, 37.5000, '2025-09-10 14:00:00'),
(1192, 4, 38.2000, '2025-09-10 15:00:00'),
(1193, 4, 37.3000, '2025-09-10 16:00:00'),
(1194, 4, 36.1000, '2025-09-10 17:00:00'),
(1195, 4, 35.4000, '2025-09-10 18:00:00'),
(1196, 4, 33.7000, '2025-09-10 19:00:00'),
(1197, 4, 31.8000, '2025-09-10 20:00:00'),
(1198, 4, 31.0000, '2025-09-10 21:00:00'),
(1199, 4, 27.9000, '2025-09-10 22:00:00'),
(1200, 4, 26.1000, '2025-09-10 23:00:00'),
(1201, 4, 23.9000, '2025-09-11 00:00:00'),
(1202, 4, 23.8000, '2025-09-11 01:00:00'),
(1203, 4, 22.7000, '2025-09-11 02:00:00'),
(1204, 4, 22.7000, '2025-09-11 03:00:00'),
(1205, 4, 22.2000, '2025-09-11 04:00:00'),
(1206, 4, 22.9000, '2025-09-11 05:00:00'),
(1207, 4, 24.9000, '2025-09-11 06:00:00'),
(1208, 4, 26.0000, '2025-09-11 07:00:00'),
(1209, 4, 28.6000, '2025-09-11 08:00:00'),
(1210, 4, 30.1000, '2025-09-11 09:00:00'),
(1211, 4, 32.6000, '2025-09-11 10:00:00'),
(1212, 4, 34.1000, '2025-09-11 11:00:00'),
(1213, 4, 35.7000, '2025-09-11 12:00:00'),
(1214, 4, 37.2000, '2025-09-11 13:00:00'),
(1215, 4, 38.1000, '2025-09-11 14:00:00'),
(1216, 4, 38.0000, '2025-09-11 15:00:00'),
(1217, 4, 38.3000, '2025-09-11 16:00:00'),
(1218, 4, 36.5000, '2025-09-11 17:00:00'),
(1219, 4, 35.6000, '2025-09-11 18:00:00'),
(1220, 4, 34.9000, '2025-09-11 19:00:00'),
(1221, 4, 31.4000, '2025-09-11 20:00:00'),
(1222, 4, 30.0000, '2025-09-11 21:00:00'),
(1223, 4, 28.3000, '2025-09-11 22:00:00'),
(1224, 4, 26.2000, '2025-09-11 23:00:00'),
(1225, 4, 23.6000, '2025-09-12 00:00:00'),
(1226, 4, 22.9000, '2025-09-12 01:00:00'),
(1227, 4, 22.4000, '2025-09-12 02:00:00'),
(1228, 4, 22.4000, '2025-09-12 03:00:00'),
(1229, 4, 22.1000, '2025-09-12 04:00:00'),
(1230, 4, 22.8000, '2025-09-12 05:00:00'),
(1231, 4, 25.6000, '2025-09-12 06:00:00'),
(1232, 4, 25.4000, '2025-09-12 07:00:00'),
(1233, 4, 28.5000, '2025-09-12 08:00:00'),
(1234, 4, 29.8000, '2025-09-12 09:00:00'),
(1235, 4, 31.9000, '2025-09-12 10:00:00'),
(1236, 4, 34.2000, '2025-09-12 11:00:00'),
(1237, 4, 35.1000, '2025-09-12 12:00:00'),
(1238, 4, 36.5000, '2025-09-12 13:00:00'),
(1239, 4, 37.3000, '2025-09-12 14:00:00'),
(1240, 4, 37.9000, '2025-09-12 15:00:00'),
(1241, 4, 37.7000, '2025-09-12 16:00:00'),
(1242, 4, 36.6000, '2025-09-12 17:00:00'),
(1243, 4, 36.4000, '2025-09-12 18:00:00'),
(1244, 4, 33.4000, '2025-09-12 19:00:00'),
(1245, 4, 32.4000, '2025-09-12 20:00:00'),
(1246, 4, 30.0000, '2025-09-12 21:00:00'),
(1247, 4, 27.2000, '2025-09-12 22:00:00'),
(1248, 4, 25.8000, '2025-09-12 23:00:00'),
(1249, 4, 24.1000, '2025-09-13 00:00:00'),
(1250, 4, 23.1000, '2025-09-13 01:00:00'),
(1251, 4, 22.2000, '2025-09-13 02:00:00'),
(1252, 4, 21.6000, '2025-09-13 03:00:00'),
(1253, 4, 21.9000, '2025-09-13 04:00:00'),
(1254, 4, 24.2000, '2025-09-13 05:00:00'),
(1255, 4, 25.1000, '2025-09-13 06:00:00'),
(1256, 4, 25.5000, '2025-09-13 07:00:00'),
(1257, 4, 28.0000, '2025-09-13 08:00:00'),
(1258, 4, 30.0000, '2025-09-13 09:00:00'),
(1259, 4, 31.5000, '2025-09-13 10:00:00'),
(1260, 4, 34.0000, '2025-09-13 11:00:00'),
(1261, 4, 35.6000, '2025-09-13 12:00:00'),
(1262, 4, 37.4000, '2025-09-13 13:00:00'),
(1263, 4, 37.2000, '2025-09-13 14:00:00'),
(1264, 4, 38.8000, '2025-09-13 15:00:00'),
(1265, 4, 36.8000, '2025-09-13 16:00:00'),
(1266, 4, 37.3000, '2025-09-13 17:00:00'),
(1267, 4, 35.4000, '2025-09-13 18:00:00'),
(1268, 4, 34.0000, '2025-09-13 19:00:00'),
(1269, 4, 32.0000, '2025-09-13 20:00:00'),
(1270, 4, 29.6000, '2025-09-13 21:00:00'),
(1271, 4, 28.1000, '2025-09-13 22:00:00'),
(1272, 4, 26.8000, '2025-09-13 23:00:00');

-- --------------------------------------------------------

--
-- Table structure for table `users`
--

CREATE TABLE `users` (
  `id` bigint(20) UNSIGNED NOT NULL,
  `nume` varchar(255) DEFAULT NULL,
  `password` varchar(255) DEFAULT NULL,
  `created_at` timestamp NOT NULL DEFAULT current_timestamp(),
  `updated_at` timestamp NULL DEFAULT NULL ON UPDATE current_timestamp()
) ENGINE=InnoDB DEFAULT CHARSET=utf8mb4 COLLATE=utf8mb4_unicode_ci;

--
-- Dumping data for table `users`
--

INSERT INTO `users` (`id`, `nume`, `password`, `created_at`, `updated_at`) VALUES
(1, 'test', '1234', '2025-09-01 15:39:53', '2025-09-07 12:19:43');

-- --------------------------------------------------------

--
-- Table structure for table `users_data`
--

CREATE TABLE `users_data` (
  `id` bigint(20) NOT NULL,
  `nickname` varchar(50) DEFAULT NULL,
  `avatar` varchar(255) DEFAULT NULL,
  `firebase_uid` varchar(128) DEFAULT NULL
) ENGINE=InnoDB DEFAULT CHARSET=utf8mb4 COLLATE=utf8mb4_unicode_ci;

--
-- Dumping data for table `users_data`
--

INSERT INTO `users_data` (`id`, `nickname`, `avatar`, `firebase_uid`) VALUES
(1, 'Admin User', 'avatar_1.png', 'PTIIEpO4RMNgumt8Jnabe7Tsu2G3');

--
-- Indexes for dumped tables
--

--
-- Indexes for table `actuators`
--
ALTER TABLE `actuators`
  ADD PRIMARY KEY (`id`),
  ADD KEY `idx_actuators_controller` (`controller_id`);

--
-- Indexes for table `actuator_commands`
--
ALTER TABLE `actuator_commands`
  ADD PRIMARY KEY (`id`),
  ADD KEY `idx_commands_actuator_time` (`actuator_id`,`issued_at`),
  ADD KEY `idx_commands_user` (`issued_by_user_id`);

--
-- Indexes for table `actuator_schedules`
--
ALTER TABLE `actuator_schedules`
  ADD PRIMARY KEY (`id`),
  ADD KEY `actuator_id` (`actuator_id`),
  ADD KEY `greenhouse_id` (`greenhouse_id`);

--
-- Indexes for table `contacts`
--
ALTER TABLE `contacts`
  ADD PRIMARY KEY (`id`);

--
-- Indexes for table `controllers`
--
ALTER TABLE `controllers`
  ADD PRIMARY KEY (`id`),
  ADD UNIQUE KEY `uk_controllers_device_uid` (`device_uid`),
  ADD KEY `fk_controllers_greenhouse` (`greenhouse_id`);

--
-- Indexes for table `controller_greenhouse`
--
ALTER TABLE `controller_greenhouse`
  ADD PRIMARY KEY (`controller_id`,`greenhouse_id`),
  ADD KEY `idx_cg_greenhouse` (`greenhouse_id`);

--
-- Indexes for table `greenhouses`
--
ALTER TABLE `greenhouses`
  ADD PRIMARY KEY (`id`),
  ADD KEY `idx_greenhouses_owner` (`owner_user_id`);

--
-- Indexes for table `outside_weather`
--
ALTER TABLE `outside_weather`
  ADD PRIMARY KEY (`id`),
  ADD KEY `ix_weather_gh_ts` (`greenhouse_id`,`timestamp`);

--
-- Indexes for table `sensors`
--
ALTER TABLE `sensors`
  ADD PRIMARY KEY (`id`),
  ADD KEY `idx_sensors_controller` (`controller_id`);

--
-- Indexes for table `sensor_readings`
--
ALTER TABLE `sensor_readings`
  ADD PRIMARY KEY (`id`),
  ADD KEY `idx_readings_sensor_time` (`sensor_id`,`timestamp`);

--
-- Indexes for table `users`
--
ALTER TABLE `users`
  ADD PRIMARY KEY (`id`),
  ADD UNIQUE KEY `uk_users_username` (`nume`);

--
-- Indexes for table `users_data`
--
ALTER TABLE `users_data`
  ADD PRIMARY KEY (`id`),
  ADD UNIQUE KEY `firebase_uid` (`firebase_uid`);

--
-- AUTO_INCREMENT for dumped tables
--

--
-- AUTO_INCREMENT for table `actuators`
--
ALTER TABLE `actuators`
  MODIFY `id` bigint(20) UNSIGNED NOT NULL AUTO_INCREMENT, AUTO_INCREMENT=7;

--
-- AUTO_INCREMENT for table `actuator_commands`
--
ALTER TABLE `actuator_commands`
  MODIFY `id` bigint(20) UNSIGNED NOT NULL AUTO_INCREMENT, AUTO_INCREMENT=547;

--
-- AUTO_INCREMENT for table `actuator_schedules`
--
ALTER TABLE `actuator_schedules`
  MODIFY `id` bigint(20) UNSIGNED NOT NULL AUTO_INCREMENT, AUTO_INCREMENT=25;

--
-- AUTO_INCREMENT for table `contacts`
--
ALTER TABLE `contacts`
  MODIFY `id` bigint(20) UNSIGNED NOT NULL AUTO_INCREMENT, AUTO_INCREMENT=14;

--
-- AUTO_INCREMENT for table `controllers`
--
ALTER TABLE `controllers`
  MODIFY `id` bigint(20) UNSIGNED NOT NULL AUTO_INCREMENT, AUTO_INCREMENT=4;

--
-- AUTO_INCREMENT for table `greenhouses`
--
ALTER TABLE `greenhouses`
  MODIFY `id` bigint(20) UNSIGNED NOT NULL AUTO_INCREMENT, AUTO_INCREMENT=7;

--
-- AUTO_INCREMENT for table `outside_weather`
--
ALTER TABLE `outside_weather`
  MODIFY `id` int(11) NOT NULL AUTO_INCREMENT, AUTO_INCREMENT=3512;

--
-- AUTO_INCREMENT for table `sensors`
--
ALTER TABLE `sensors`
  MODIFY `id` bigint(20) UNSIGNED NOT NULL AUTO_INCREMENT, AUTO_INCREMENT=7;

--
-- AUTO_INCREMENT for table `sensor_readings`
--
ALTER TABLE `sensor_readings`
  MODIFY `id` bigint(20) UNSIGNED NOT NULL AUTO_INCREMENT, AUTO_INCREMENT=4245;

--
-- AUTO_INCREMENT for table `users`
--
ALTER TABLE `users`
  MODIFY `id` bigint(20) UNSIGNED NOT NULL AUTO_INCREMENT, AUTO_INCREMENT=4;

--
-- AUTO_INCREMENT for table `users_data`
--
ALTER TABLE `users_data`
  MODIFY `id` bigint(20) NOT NULL AUTO_INCREMENT, AUTO_INCREMENT=2;

--
-- Constraints for dumped tables
--

--
-- Constraints for table `actuators`
--
ALTER TABLE `actuators`
  ADD CONSTRAINT `fk_actuators_controller` FOREIGN KEY (`controller_id`) REFERENCES `controllers` (`id`) ON DELETE CASCADE ON UPDATE CASCADE;

--
-- Constraints for table `actuator_commands`
--
ALTER TABLE `actuator_commands`
  ADD CONSTRAINT `fk_commands_actuator` FOREIGN KEY (`actuator_id`) REFERENCES `actuators` (`id`) ON DELETE CASCADE ON UPDATE CASCADE;

--
-- Constraints for table `actuator_schedules`
--
ALTER TABLE `actuator_schedules`
  ADD CONSTRAINT `actuator_schedules_ibfk_1` FOREIGN KEY (`actuator_id`) REFERENCES `actuators` (`id`),
  ADD CONSTRAINT `actuator_schedules_ibfk_2` FOREIGN KEY (`greenhouse_id`) REFERENCES `greenhouses` (`id`);

--
-- Constraints for table `controllers`
--
ALTER TABLE `controllers`
  ADD CONSTRAINT `fk_controllers_greenhouse` FOREIGN KEY (`greenhouse_id`) REFERENCES `greenhouses` (`id`) ON DELETE CASCADE ON UPDATE CASCADE;

--
-- Constraints for table `controller_greenhouse`
--
ALTER TABLE `controller_greenhouse`
  ADD CONSTRAINT `fk_cg_controller` FOREIGN KEY (`controller_id`) REFERENCES `controllers` (`id`) ON DELETE CASCADE ON UPDATE CASCADE,
  ADD CONSTRAINT `fk_cg_greenhouse` FOREIGN KEY (`greenhouse_id`) REFERENCES `greenhouses` (`id`) ON DELETE CASCADE ON UPDATE CASCADE;

--
-- Constraints for table `outside_weather`
--
ALTER TABLE `outside_weather`
  ADD CONSTRAINT `fk_outside_weather_greenhouse` FOREIGN KEY (`greenhouse_id`) REFERENCES `greenhouses` (`id`) ON DELETE CASCADE ON UPDATE CASCADE;

--
-- Constraints for table `sensors`
--
ALTER TABLE `sensors`
  ADD CONSTRAINT `fk_sensors_controller` FOREIGN KEY (`controller_id`) REFERENCES `controllers` (`id`) ON DELETE CASCADE ON UPDATE CASCADE;

--
-- Constraints for table `sensor_readings`
--
ALTER TABLE `sensor_readings`
  ADD CONSTRAINT `fk_readings_sensor` FOREIGN KEY (`sensor_id`) REFERENCES `sensors` (`id`) ON DELETE CASCADE ON UPDATE CASCADE;
COMMIT;

/*!40101 SET CHARACTER_SET_CLIENT=@OLD_CHARACTER_SET_CLIENT */;
/*!40101 SET CHARACTER_SET_RESULTS=@OLD_CHARACTER_SET_RESULTS */;
/*!40101 SET COLLATION_CONNECTION=@OLD_COLLATION_CONNECTION */;
